-- phpMyAdmin SQL Dump
-- version 5.2.0
-- https://www.phpmyadmin.net/
--
-- Хост: 127.0.0.1:3306
-- Час створення: Чрв 10 2024 р., 10:59
-- Версія сервера: 8.0.30
-- Версія PHP: 8.1.9

SET SQL_MODE = "NO_AUTO_VALUE_ON_ZERO";
START TRANSACTION;
SET time_zone = "+00:00";


/*!40101 SET @OLD_CHARACTER_SET_CLIENT=@@CHARACTER_SET_CLIENT */;
/*!40101 SET @OLD_CHARACTER_SET_RESULTS=@@CHARACTER_SET_RESULTS */;
/*!40101 SET @OLD_COLLATION_CONNECTION=@@COLLATION_CONNECTION */;
/*!40101 SET NAMES utf8mb4 */;

--
-- База даних: `pawnshop`
--

DELIMITER $$
--
-- Процедури
--
CREATE DEFINER=`root`@`127.0.0.1` PROCEDURE `amount_by_category` ()   BEGIN
SELECT COUNT(*) AS "Кількість кредитів певної категорії", SUM(loan_amount) AS "Сума всіх кредитів за категорією", category AS "Категорія"
FROM contracts
GROUP BY category;
END$$

CREATE DEFINER=`root`@`127.0.0.1` PROCEDURE `amount_for_period` (IN `from_` DATE, IN `to_` DATE)   BEGIN
SELECT SUM(loan_amount) AS "Загальна сума виданих кредитів"
FROM contracts
WHERE date_conclusion_contract BETWEEN from_ AND to_;
END$$

CREATE DEFINER=`root`@`127.0.0.1` PROCEDURE `credit_history` (IN `code` VARCHAR(50))   BEGIN
SELECT first_name, last_name, middle_name, date_conclusion_contract, repayment_period_months, date AS date_payment, amount
FROM contracts_info_borrower
INNER JOIN loan_repayments ON contracts_info_borrower.id = loan_repayments.borrower_id
INNER JOIN contracts ON contracts_info_borrower.id = contracts.id_borrower
WHERE contracts_info_borrower.personal_account_code = code;
END$$

CREATE DEFINER=`root`@`127.0.0.1` PROCEDURE `max_bids_goods` ()   BEGIN
SELECT goods_for_sale.name AS goods_name, bids.name, bids.rate
FROM goods_for_sale
JOIN (SELECT id_goods, MAX(rate) AS max_rate FROM bids GROUP BY id_goods) AS max_bids ON goods_for_sale.id = max_bids.id_goods
JOIN bids ON max_bids.id_goods = bids.id_goods AND max_bids.max_rate = bids.rate;
END$$

CREATE DEFINER=`root`@`127.0.0.1` PROCEDURE `payments_per_day` (IN `d` DATE)   BEGIN
SELECT first_name, last_name, middle_name, amount, date
FROM contracts_info_borrower
INNER JOIN loan_repayments ON contracts_info_borrower.id = loan_repayments.borrower_id
WHERE date = d;
END$$

CREATE DEFINER=`root`@`127.0.0.1` PROCEDURE `subject_bet` (IN `id_subject` INT)   BEGIN
SELECT bids.name AS bids_name, rate, goods_for_sale.name AS goods_name
FROM bids
INNER JOIN goods_for_sale ON bids.id_goods = goods_for_sale.id
WHERE goods_for_sale.id = id_subject;
END$$

DELIMITER ;

-- --------------------------------------------------------

--
-- Структура таблиці `bids`
--

CREATE TABLE `bids` (
  `id` int NOT NULL,
  `id_goods` int NOT NULL,
  `rate` decimal(10,2) NOT NULL,
  `name` varchar(250) NOT NULL,
  `email` varchar(200) NOT NULL
) ENGINE=InnoDB DEFAULT CHARSET=utf8mb4 COLLATE=utf8mb4_0900_ai_ci;

--
-- Дамп даних таблиці `bids`
--

INSERT INTO `bids` (`id`, `id_goods`, `rate`, `name`, `email`) VALUES
(64, 15, '65301.00', 'Олександр', 'en.popyk.oleksandr@gmail.com'),
(65, 16, '85500.00', 'Олександр', 'en.popyk.oleksandr@gmail.com'),
(66, 4, '160120.00', 'Олександр 2', 'theosenigma@gmail.com'),
(67, 15, '65400.00', 'Олександр 2', 'theosenigma@gmail.com'),
(68, 4, '161000.00', 'Олександр', 'en.popyk.oleksandr@gmail.com'),
(76, 4, '161200.00', 'Олександр Попик', 'en.popyk.oleksandr@gmail.com'),
(77, 4, '161201.00', 'Олександр Попик', 'en.popyk.oleksandr@gmail.com'),
(78, 4, '161220.00', 'Олександр', 'theosenigma@gmail.com'),
(79, 15, '65500.00', 'Олександр Попик', 'en.popyk.oleksandr@gmail.com'),
(80, 16, '85600.00', 'Олександр Попик', 'en.popyk.oleksandr@gmail.com'),
(81, 16, '85700.00', 'Олександр Попик', 'theosenigma@gmail.com'),
(82, 16, '85740.00', 'Олександр Попик', 'theosenigma@gmail.com');

-- --------------------------------------------------------

--
-- Структура таблиці `contracts`
--

CREATE TABLE `contracts` (
  `id` int NOT NULL,
  `id_borrower` int NOT NULL,
  `id_subject` int NOT NULL,
  `pawnbroker_name` varchar(255) CHARACTER SET utf8mb4 COLLATE utf8mb4_0900_ai_ci NOT NULL,
  `pawnbroker_address` varchar(255) CHARACTER SET utf8mb4 COLLATE utf8mb4_0900_ai_ci NOT NULL,
  `borrower_name` varchar(255) CHARACTER SET utf8mb4 COLLATE utf8mb4_0900_ai_ci NOT NULL,
  `borrower_address` varchar(255) CHARACTER SET utf8mb4 COLLATE utf8mb4_0900_ai_ci NOT NULL,
  `loan_amount` int NOT NULL,
  `monthly_interest_rate` decimal(5,3) NOT NULL,
  `repayment_period_months` int NOT NULL,
  `name_subject` varchar(255) CHARACTER SET utf8mb4 COLLATE utf8mb4_0900_ai_ci NOT NULL,
  `amount_of_payment` int NOT NULL,
  `terms_of_violation` varchar(255) CHARACTER SET utf8mb4 COLLATE utf8mb4_0900_ai_ci NOT NULL,
  `date_conclusion_contract` date NOT NULL,
  `category` enum('Техніка','Дорогоцінності із срібла','Дорогоцінності із золота','Антикваріат','Наручні годинники','') NOT NULL
) ENGINE=InnoDB DEFAULT CHARSET=utf8mb4 COLLATE=utf8mb4_0900_ai_ci;

--
-- Дамп даних таблиці `contracts`
--

INSERT INTO `contracts` (`id`, `id_borrower`, `id_subject`, `pawnbroker_name`, `pawnbroker_address`, `borrower_name`, `borrower_address`, `loan_amount`, `monthly_interest_rate`, `repayment_period_months`, `name_subject`, `amount_of_payment`, `terms_of_violation`, `date_conclusion_contract`, `category`) VALUES
(1, 1, 1, 'Ломбард \"Перспектива\"', 'м. Київ, вул. Саксаганського, 12', 'Шевченко Олександр Вікторович', 'м. Київ, вул. Лисенка, 18', 15000, '0.025', 3, 'Samsung Galaxy S20 Ultra', 5375, 'В разі неповного погашення суми позики до дати, встановленої договором, ставка відсотків збільшується до 5% за місяць', '2023-02-05', 'Техніка'),
(2, 2, 2, 'Ломбард \"Перспектива\"', 'м. Київ, вул. Шевченка, 15', 'Марченко Оксана Сергіївна', 'м. Київ, вул. Грушевського, 9', 8000, '0.035', 2, 'Золоті сережки з діамантами', 4280, 'Якщо позичальник не погасить борг до закінчення строку, ломбард має право продати заставне майно', '2023-02-06', 'Дорогоцінності із золота'),
(3, 3, 3, 'Ломбард \"Перспектива\"', 'м. Харків, вул. Сумська, 7', 'Ковальчук Ігор Олегович', 'м. Харків, вул. Пушкінська, 14', 10000, '0.040', 3, 'Браслет із червоного золота', 3733, 'Якщо позичальник не погасить борг до закінчення строку, ломбард має право продати заставне майно за ціною, достатньою для покриття боргу та витрат ломбарда.', '2023-02-07', 'Дорогоцінності із золота'),
(4, 4, 4, 'Ломбард \"Перспектива\"', 'м. Львів, вул. Городоцька, 10', 'Кравчук Михайло Ігорович', 'м. Львів, вул. Федьковича, 28', 5000, '0.030', 1, 'Ноутбук Lenovo ThinkPad X1 Carbon', 5150, 'В разі неповного погашення суми позики до дати, встановленої договором, ставка відсотків збільшується до 5% за місяць', '2023-02-08', 'Техніка'),
(5, 5, 5, 'Ломбард \"Перспектива\"', 'м. Одеса, вул. Базарна, 8', 'Козлова Ольга Володимирівна', 'м. Одеса, вул. Катерининська, 9', 7000, '0.045', 3, 'Срібне кольє з підвісом', 2648, 'Якщо позичальник не погасить борг до закінчення строку, ломбард має право продати заставне майно за ціною, достатньою для покриття боргу та витрат ломбарда.', '2023-02-09', 'Дорогоцінності із срібла'),
(6, 6, 6, 'Ломбард \"Перспектива\"', 'м. Дніпро, просп. Слобожанський, 12', 'Іванова Наталія Миколаївна', 'м. Дніпро, вул. Богдана Хмельницького, 22', 12000, '0.020', 2, 'Кільце з жовтого золота з бурштином', 6240, 'Якщо позичальник не погасить борг до закінчення строку, ломбард має право продати заставне майно за ціною, достатньою для покриття боргу та витрат ломбарда.', '2023-02-10', 'Дорогоцінності із золота'),
(7, 7, 7, 'Ломбард \"Перспектива\"', 'м. Київ, вул. Крещатик, 25', 'Сидоров Олександр Іванович', 'м. Київ, вул. Хрещатик, 67', 10000, '0.050', 3, 'Смартфон Samsung Galaxy S21 Ultra', 3833, 'В разі неповного погашення суми позики до дати, встановленої договором, ставка відсотків збільшується до 5% за місяць', '2023-02-12', 'Техніка'),
(8, 8, 8, 'Ломбард \"Перспектива\"', 'м. Харків, вул. Пушкінська, 42', 'Петренко Лілія Олександрівна', 'м. Харків, вул. Героїв Праці, 19', 15000, '0.035', 4, 'Ноутбук HP Spectre x360', 4275, 'Якщо позичальник не погасить борг до закінчення строку, ломбард має право продати заставне майно', '2023-02-13', 'Техніка'),
(9, 9, 9, 'Ломбард \"Перспектива\"', 'м. Одеса, вул. Дерибасівська, 1', 'Іваненко Оксана Ігорівна', 'м. Одеса, вул. Грецька, 13', 5000, '0.040', 1, 'Срібний браслет', 5200, 'Якщо позичальник не погасить борг до закінчення строку, ломбард має право продати заставне майно', '2023-02-01', 'Дорогоцінності із срібла'),
(10, 10, 10, 'Ломбард \"Перспектива\"', 'м. Київ, вул. Володимирська, 45', 'Петров Дмитро Вікторович', 'м. Київ, вул. Борщагівська, 16', 25000, '0.060', 5, 'Ноутбук Asus X1502ZA-BQ644', 6500, 'В разі неповного погашення суми позики до дати, встановленої договором, ставка відсотків збільшується до 5% за місяць', '2023-03-02', 'Техніка'),
(11, 11, 11, 'Ломбард \"Перспектива\"', 'м. Харків, вул. Сумська, 33', 'Кравець Василь Петрович', 'м. Харків, вул. Шевченка, 95', 9000, '0.035', 3, 'Срібна каблучка з цирконієм', 3315, 'Якщо позичальник не погасить борг до закінчення строку, ломбард має право продати заставне майно за ціною, достатньою для покриття боргу та витрат ломбарда.', '2023-03-03', 'Дорогоцінності із срібла'),
(12, 12, 12, 'Ломбард \"Перспектива\"', 'м. Львів, вул. Коперника, 12', 'Степаненко Ірина Ігорівна', 'м. Львів, вул. Широка, 28', 7000, '0.025', 2, 'Золоті сережки', 3675, 'В разі неповного погашення суми позики до дати, встановленої договором, ставка відсотків збільшується до 5% за місяць', '2023-03-04', 'Дорогоцінності із золота'),
(13, 13, 13, 'Ломбард \"Перспектива\"', 'м. Вінниця, вул. Грушевського, 7', 'Михайлюк Ірина Сергіївна', 'м. Вінниця, вул. Пирогова, 20', 15000, '0.055', 2, 'Кулон із червоного золота', 8325, 'Якщо позичальник не погасить борг до закінчення строку, ломбард має право продати заставне майно за ціною, достатньою для покриття боргу та витрат ломбарда.', '2023-03-05', 'Дорогоцінності із золота'),
(14, 14, 14, 'Ломбард \"Перспектива\"', 'м. Київ, вул. Жилянська, 20', 'Литвин Олег Миколайович', 'м. Київ, вул. Героїв Дніпра, 42', 8000, '0.045', 2, 'Золоте кільце з діамантом', 4360, 'Якщо позичальник не погасить борг до закінчення строку, ломбард має право продати заставне майно за ціною, достатньою для покриття боргу та витрат ломбарда.', '2023-03-06', 'Дорогоцінності із золота'),
(15, 15, 15, 'Ломбард \"Перспектива\"', 'м. Луцьк, вул. Ковельська, 11', 'Петренко Світлана Юріївна', 'м. Луцьк, вул. Ковельська, 28', 10000, '0.038', 3, 'Наручний годинник Orient', 3708, 'В разі неповного погашення суми позики до дати, встановленої договором, ставка відсотків збільшується до 5% за місяць', '2023-03-07', 'Наручні годинники'),
(16, 16, 16, 'Ломбард \"Перспектива\"', 'м. Харків, вул. Героїв Праці, 9', 'Білик Віталій Іванович', 'м. Харків, вул. Лінійна, 10/2', 5000, '0.020', 1, 'Срібна каблучка з цирконієм', 5100, 'Якщо позичальник не погасить борг до закінчення строку, ломбард має право продати заставне майно за ціною, достатньою для покриття боргу та витрат ломбарда.', '2023-03-08', 'Дорогоцінності із срібла'),
(17, 17, 17, 'Ломбард \"Перспектива\"', 'м. Львів, вул. Личаківська, 23', 'Гончарук Олександра Іванівна', 'м. Львів, вул. Городоцька, 45', 12000, '0.060', 2, 'Срібні сережки з фіанітами', 6720, 'Якщо позичальник не погасить борг до закінчення строку, ломбард має право продати заставне майно за ціною, достатньою для покриття боргу та витрат ломбарда.', '2023-03-09', 'Дорогоцінності із срібла'),
(18, 18, 18, 'Ломбард \"Перспектива\"', 'м. Дніпро, вул. Героїв Сталінграду, 18', 'Пономаренко Сергій Олександрович', 'м. Дніпро, вул. Глінки, 21/13', 9000, '0.048', 1, 'Кільце з червоного та білого золота з цирконієм', 9428, 'Якщо позичальник не погасить борг до закінчення строку, ломбард має право продати заставне майно за ціною, достатньою для покриття боргу та витрат ломбарда.', '2023-03-10', 'Дорогоцінності із золота'),
(19, 19, 19, 'Ломбард \"Перспектива\"', 'м. Запоріжжя, вул. Соборна, 16', 'Мартиненко Ольга Ігорівна', 'м. Запоріжжя, вул. Теплична, 7/10', 45000, '0.035', 6, 'Nikon Z5 body', 9075, 'В разі неповного погашення суми позики до дати, встановленої договором, ставка відсотків збільшується до 5% за місяць', '2023-03-11', 'Техніка'),
(20, 20, 20, 'Ломбард \"Перспектива\"', 'м. Кропивницький, вул. Чорновола, 35', 'Кравець Ігор Миколайович', 'м. Кропивницький, вул. Центральна, 56', 6000, '0.023', 1, 'Перстень із червоного та білого золота з цирконієм', 6135, 'Якщо позичальник не погасить борг до закінчення строку, ломбард має право продати заставне майно за ціною, достатньою для покриття боргу та витрат ломбарда', '2023-03-12', 'Дорогоцінності із золота'),
(21, 21, 21, 'Ломбард \"Перспектива\"', 'м. Київ, вул. Хрещатик, 25', 'Шевченко Марина Олександрівна', 'м. Київ, вул. Інститутська, 16/2', 20000, '0.055', 3, 'Ланцюг із червоного золота з плетінням Бісмарк', 7767, 'Якщо позичальник не погасить борг до закінчення строку, ломбард має право продати заставне майно за ціною, достатньою для покриття боргу та витрат ломбарда.', '2023-03-13', 'Дорогоцінності із золота'),
(22, 22, 22, 'Ломбард \"Перспектива\"', 'м. Одеса, вул. Базарна, 23', 'Петрова Ірина Миколаївна', 'м. Одеса, вул. Маланюка, 7/13', 60000, '0.040', 8, 'Антикварні статуетки зі срібла \"Дівчата з музичними інструментами\", середина 20 століття', 9900, 'В разі неповного погашення суми позики до дати, встановленої договором, ставка відсотків збільшується до 5% за місяць', '2023-03-14', 'Антикваріат'),
(23, 23, 23, 'Ломбард \"Перспектива\"', 'м. Львів, вул. Братів Рогатинців, 10', 'Литвиненко Микола Іванович', 'м. Львів, вул. Щирецька, 44', 10000, '0.065', 3, 'Кільце з червоного та білого золота з діамантом', 3983, 'Якщо позичальник не погасить борг до закінчення строку, ломбард має право продати заставне майно за ціною, достатньою для покриття боргу та витрат ломбарда.', '2023-03-15', 'Дорогоцінності із золота'),
(24, 24, 24, 'Ломбард \"Перспектива\"', 'м. Харків, вул. Героїв Праці, 23', 'Гриценко Юлія Володимирівна', 'м. Харків, вул. Гв. Широнінців, 6/8', 5000, '0.030', 1, 'Срібні сережки з перлами і цирконієм', 5150, 'В разі неповного погашення суми позики до дати, встановленої договором, ставка відсотків збільшується до 5% за місяць', '2023-03-16', 'Дорогоцінності із срібла'),
(25, 25, 25, 'Ломбард \"Перспектива\"', 'м. Київ, вул. Шевченка, 25', 'Громова Ірина Миколаївна', 'м. Львів, вул. Стрийська, 42', 25000, '0.025', 6, 'Ланцюг із червоного золота з плетінням подвійний Ромб', 4792, 'Якщо позичальник не погасить борг до закінчення строку, ломбард має право продати заставне майно за ціною, достатньою для покриття боргу та витрат ломбарда.', '2022-10-15', 'Дорогоцінності із золота'),
(26, 26, 26, 'Ломбард \"Перспектива\"', 'м. Харків, вул. Сумська, 17', 'Журавель Олег Іванович', 'м. Київ, вул. Володимирська, 10', 43000, '0.023', 6, 'Антикварна статуетка «Лісова німфа», бронза, 90-і роки 20 століття', 8156, 'Якщо позичальник не погасить борг до закінчення строку, ломбард має право продати заставне майно за ціною, достатньою для покриття боргу та витрат ломбарду', '2022-10-02', 'Антикваріат'),
(27, 27, 27, 'Ломбард \"Перспектива\"', 'м. Одеса, вул. Генуезька, 5', 'Петренко Олена Олександрівна', 'м. Харків, вул. Пушкінська, 72', 35000, '0.020', 12, 'Смартфон Apple iPhone 13 128GB', 3617, 'В разі неповного погашення суми позики до дати, встановленої договором, ставка відсотків збільшується до 5% за місяць', '2022-11-23', 'Техніка'),
(28, 28, 28, 'Ломбард \"Перспектива\"', 'м. Львів, вул. І. Франка, 15', 'Шевчук Володимир Миколайович', 'м. Дніпро, вул. Пастера, 23', 12000, '0.020', 2, 'Кільце з червоного золота з цирконієм', 6240, 'В разі неповного погашення суми позики до дати, встановленої договором, ставка відсотків збільшується до 5% за місяць', '2023-01-17', 'Дорогоцінності із золота'),
(29, 29, 29, 'Ломбард \"Перспектива\"', 'м. Львів, вул. Коперника, 7', 'Данилюк Марія Сергіївна', 'м. Львів, вул. Пекарська, 22', 8000, '0.032', 2, 'Срібний ланцюг із плетінням Фантазійне', 4256, 'Якщо позичальник не погасить борг до закінчення строку, ломбард має право продати заставне майно за ціною, достатньою для покриття боргу та витрат ломбарду.', '2023-03-05', 'Дорогоцінності із срібла'),
(30, 30, 30, 'Ломбард \"Перспектива\"', 'м. Дніпро, вул. Карла Маркса', 'Шевченко Максим Володимирович', 'м. Дніпро, вул. Степова, 44', 15000, '0.050', 3, 'Ноутбук Lenovo IdeaPad 3', 5750, 'В разі неповного погашення суми позики до дати, встановленої договором, ставка відсотків збільшується до 5% за місяць', '2023-03-06', 'Техніка'),
(31, 31, 31, 'Ломбард \"Перспектива\"', 'м. Луцьк, вул. Ковельська, 5', 'Яковенко Олена Іванівна', 'м. Луцьк, вул. Кармелюка, 17', 5000, '0.027', 1, 'Кольє з білого золота з перлами та цирконієм', 5135, 'Якщо позичальник не погасить борг до закінчення строку, ломбард має право продати заставне майно за ціною, достатньою для покриття боргу та витрат ломбарда.', '2023-03-07', 'Дорогоцінності із золота'),
(32, 32, 32, 'Ломбард \"Перспектива\"', 'м. Хмельницький, вул. Соборна', 'Мельник Ігор Вікторович', 'м. Хмельницький, вул. Героїв Майдану, 18', 24000, '0.038', 4, 'Телевізор LG 55UQ81006LB', 6912, 'В разі неповного погашення суми позики до дати, встановленої договором, ставка відсотків збільшується до 5% за місяць', '2023-03-08', 'Техніка'),
(33, 33, 33, 'Ломбард \"Перспектива\"', 'м. Львів, вул. Коперника, 7', 'Міщенко Віталій Ігорович', 'м. Львів, вул. Левицького, 19', 6000, '0.032', 1, 'Кільце з червоного та білого золота з діамантом', 6192, 'Якщо позичальник не погасить борг до закінчення строку, ломбард має право продати заставне майно за ціною, достатньою для покриття боргу та витрат ломбарда.', '2023-03-09', 'Дорогоцінності із золота'),
(34, 34, 34, 'Ломбард \"Перспектива\"', 'м. Дніпро, вул. Карла Маркса', 'Сидоренко Тетяна Миколаївна', 'м. Дніпро, вул. Петра Запорожця, 8', 14000, '0.045', 3, 'Cмартфон xiaomi redmi note 11 pro + 5G 8/256GB', 5297, 'В разі неповного погашення суми позики до дати, встановленої договором, ставка відсотків збільшується до 5% за місяць', '2023-03-10', 'Техніка'),
(35, 35, 35, 'Ломбард \"Перспектива\"', 'м. Луцьк, вул. Ковельська, 5', 'Кравчук Юрій Вікторович', 'м. Луцьк, вул. Липова Алея, 12', 17000, '0.035', 4, 'Відеокамера SONY HDR-CX625 Black', 4845, 'Якщо позичальник не погасить борг до закінчення строку, ломбард має право продати заставне майно', '2023-03-11', 'Техніка'),
(36, 36, 36, 'Ломбард \"Перспектива\"', 'м. Хмельницький, вул. Соборна', 'Козак Микола Іванович', 'м. Хмельницький, вул. Підвальна, 8', 4000, '0.023', 1, 'Срібний браслет', 4092, 'Якщо позичальник не погасить борг до закінчення строку, ломбард має право продати заставне майно', '2023-03-12', 'Дорогоцінності із срібла'),
(37, 37, 37, 'Ломбард \"Перспектива\"', 'м. Одеса, вул. Тираспольська, 1/2', 'Лісовий Андрій Володимирович', 'м. Одеса, вул. Балтійська, 25', 21000, '0.052', 3, 'Acer Aspire 3 A317-52 (NX.HZWEU.003)', 8092, 'В разі неповного погашення суми позики до дати, встановленої договором, ставка відсотків збільшується до 5% за місяць', '2023-03-13', 'Техніка'),
(38, 38, 38, 'Ломбард \"Перспектива\"', 'м. Київ, вул. Велика Васильківська', 'Гончарук Ірина Анатоліївна', 'м. Київ, вул. Лесі Українки, 15', 5000, '0.028', 1, 'Сережки з червоного золота з рубіном', 5140, 'Якщо позичальник не погасить борг до закінчення строку, ломбард має право продати заставне майно за ціною, достатньою для покриття боргу та витрат ломбарда', '2023-03-14', 'Дорогоцінності із золота'),
(39, 39, 39, 'Ломбард \"Перспектива\"', 'м. Львів, вул. Пасічна, 17', 'Марченко Максим Олександрович', 'м. Львів, вул. Зелена, 44', 8000, '0.040', 2, 'Срібний ланцюжок', 4320, 'Якщо позичальник не погасить борг до закінчення строку, ломбард має право продати заставне майно за ціною, достатньою для покриття боргу та витрат ломбарда', '2023-03-15', 'Дорогоцінності із срібла'),
(40, 40, 40, 'Ломбард \"Перспектива\"', 'м. Харків, вул. Гвардійців Широнінців', 'Петрова Людмила Вікторівна', 'м. Харків, вул. Данила Нечая, 12', 12000, '0.060', 3, 'Кулон з червоного та білого золота з цирконієм', 4720, 'Якщо позичальник не погасить борг до закінчення строку, ломбард має право продати заставне майно за ціною, достатньою для покриття боргу та витрат ломбарда', '2023-03-16', 'Дорогоцінності із золота'),
(41, 41, 41, 'Ломбард \"Перспектива\"', 'м. Луцьк, вул. Степана Бандери, 6', 'Голуб Олег Миколайович', 'м. Луцьк, вул. Винниченка, 13', 5000, '0.030', 1, 'Срібний кулон з цирконієм', 5150, 'Якщо позичальник не погасить борг до закінчення строку, ломбард має право продати заставне майно', '2023-03-13', 'Дорогоцінності із срібла'),
(42, 42, 42, 'Ломбард \"Перспектива\"', 'м. Львів, вул. Лесі Українки, 18', 'Макарова Любов Василівна', 'м. Львів, вул. Городоцька, 12', 3000, '0.025', 1, 'Кулон із червоного золота', 3075, 'Якщо позичальник не погасить борг до закінчення строку, ломбард має право продати заставне майно за ціною, достатньою для покриття боргу та витрат ломбарда.', '2023-03-14', 'Дорогоцінності із золота'),
(43, 43, 43, 'Ломбард \"Перспектива\"', 'м. Хмельницький, вул. Полуботка', 'Гуляєва Лідія Михайлівна', 'м. Хмельницький, вул. Подільська, 16', 18000, '0.040', 5, 'Ноутбук 14\" Lenovo IdeaPad S340-14IIL', 4320, 'Якщо позичальник не погасить борг до закінчення строку, ломбард має право продати заставне майно за ціною, достатньою для покриття боргу та витрат ломбарда.', '2023-12-15', 'Техніка'),
(44, 44, 44, 'Ломбард \"Перспектива\"', 'м. Луцьк, вул. Ковельська, 5', 'Сидорчук Олександр Ігорович', 'м. Луцьк, вул. Грабовського, 9', 20000, '0.050', 3, 'Браслет із білого золота з діамантом', 7667, 'Якщо позичальник не погасить борг до закінчення строку, ломбард має право продати заставне майно за ціною, достатньою для покриття боргу та витрат ломбарда', '2023-03-16', 'Дорогоцінності із золота'),
(45, 45, 45, 'Ломбард \"Перспектива\"', 'м. Київ, вул. Хрещатик, 21', 'Шевченко Віктор Іванович', 'м. Київ, вул. Богдана Хмельницького, 35', 10000, '0.052', 3, 'Срібний ланцюжок', 3853, 'Якщо позичальник не погасить борг до закінчення строку, ломбард має право продати заставне майно за ціною, достатньою для покриття боргу та витрат ломбарда', '2023-01-13', 'Дорогоцінності із срібла'),
(46, 23, 46, 'Ломбард \"Перспектива\"', 'м. Харків, вул. Пушкінська, 20', 'Литвиненко Микола Іванович', 'м. Харків, вул. Червонопрапорна, 19', 25000, '0.040', 5, 'Антикварна статуетка \"Суддя\", Сальвадор Фуріо, Lladro, друга половина 20-го століття', 6000, 'Якщо позичальник не погасить борг до закінчення строку, ломбард має право продати заставне майно за ціною, достатньою для покриття боргу та витрат ломбарда', '2023-11-14', 'Антикваріат'),
(47, 10, 47, 'Ломбард \"Перспектива\"', 'м. Одеса, вул. Дерибасівська, 5', 'Петров Дмитро Вікторович', 'м. Одеса, вул. Ланжеронівська, 7', 15000, '0.062', 3, 'Монітор 23.8\" Dell P2418HT (210-AKBD) Black', 5930, 'Якщо позичальник не погасить борг до закінчення строку, ломбард має право продати заставне майно', '2023-03-15', 'Техніка'),
(48, 7, 48, 'Ломбард \"Перспектива\"', 'м. Луганськ, вул. Леніна, 10', 'Сидоров Олександр Іванович', 'м. Луганськ, вул. Соборна, 8', 5000, '0.028', 1, 'Золоті сережки', 5140, 'Якщо позичальник не погасить борг до закінчення строку, ломбард має право продати заставне майно', '2023-03-16', 'Дорогоцінності із золота'),
(49, 34, 49, 'Ломбард \"Перспектива\"', 'м. Київ, вул. Володимирська, 45', 'Сидоренко Тетяна Миколаївна', 'м. Київ, вул. Шота Руставелі, 16', 12000, '0.058', 3, 'Ланцюжок з червоного золота з плетінням Якірне', 4696, 'Якщо позичальник не погасить борг до закінчення строку, ломбард має право продати заставне майно за ціною, достатньою для покриття боргу та витрат ломбарда.', '2023-03-13', 'Дорогоцінності із золота'),
(50, 44, 50, 'Ломбард \"Перспектива\"', 'м. Одеса, вул. Базарна, 17', 'Сидорчук Олександр Ігорович', 'м. Одеса, вул. Коблевська, 27', 19000, '0.039', 5, 'iPad Pro (2020) 11 Wi-fi Space Gray 128 Gb', 4541, 'Якщо позичальник не погасить борг до закінчення строку, ломбард має право продати заставне майно за ціною, достатньою для покриття боргу та витрат ломбарда', '2023-11-14', 'Техніка'),
(51, 21, 51, 'Ломбард \"Перспектива\"', 'м. Львів, вул. Кн. Ольги, 9', 'Шевченко Марина Олександрівна', 'м. Львів, вул. Щирецька, 22', 5000, '0.028', 1, 'Срібні сережки', 5140, 'Якщо позичальник не погасить борг до закінчення строку, ломбард має право продати заставне майно', '2023-03-15', 'Дорогоцінності із срібла'),
(52, 17, 52, 'Ломбард \"Перспектива\"', 'м. Чернівці, вул. Головна, 54', 'Гончарук Олександра Іванівна', 'м. Чернівці, вул. Героїв Майдану, 12/5', 14000, '0.023', 3, 'Золоте кільце з діамантом', 4989, 'Якщо позичальник не погасить борг до закінчення строку, ломбард має право продати заставне майно за ціною, достатньою для покриття боргу та витрат ломбарда', '2023-03-16', 'Дорогоцінності із золота');

-- --------------------------------------------------------

--
-- Структура таблиці `contracts_info_borrower`
--

CREATE TABLE `contracts_info_borrower` (
  `id` int NOT NULL,
  `first_name` varchar(50) CHARACTER SET utf8mb4 COLLATE utf8mb4_0900_ai_ci NOT NULL,
  `last_name` varchar(50) CHARACTER SET utf8mb4 COLLATE utf8mb4_0900_ai_ci NOT NULL,
  `middle_name` varchar(50) NOT NULL,
  `phone_number` varchar(20) NOT NULL,
  `email` varchar(50) DEFAULT NULL,
  `personal_account_code` varchar(50) CHARACTER SET utf8mb4 COLLATE utf8mb4_0900_ai_ci NOT NULL,
  `age` int NOT NULL,
  `salary` int NOT NULL,
  `address` varchar(200) NOT NULL
) ENGINE=InnoDB DEFAULT CHARSET=utf8mb4 COLLATE=utf8mb4_0900_ai_ci;

--
-- Дамп даних таблиці `contracts_info_borrower`
--

INSERT INTO `contracts_info_borrower` (`id`, `first_name`, `last_name`, `middle_name`, `phone_number`, `email`, `personal_account_code`, `age`, `salary`, `address`) VALUES
(1, 'Олександр', 'Шевченко', 'Вікторович', '+380931234567', 'shevchenko.oleksandr@gmail.com', 'p1#tFd$&%', 19, 14000, 'м. Київ, вул. Лисенка, 18'),
(2, 'Оксана', 'Марченко', 'Сергіївна', '+380939876543', 'marchenko.oksana@ukr.net', 'n8^dZx27!', 23, 22100, 'м. Київ, вул. Грушевського, 9'),
(3, 'Ігор', 'Ковальчук', 'Олегович', '+380977777777', 'kovalechuk.igor@gmail.com', 'm95pEw1#^', 34, 15000, 'м. Харків, вул. Пушкінська, 14'),
(4, 'Михайло', 'Кравчук', 'Ігорович', '+380989876543', 'kravchuk.mikhailo@i.ua', 'z3!sGt5&^', 22, 10000, 'м. Львів, вул. Федьковича, 28'),
(5, 'Ольга', 'Козлова', 'Володимирівна', '+380998765432', 'kozlova.olga@gmail.com', 'q2#xHf9$^', 32, 16000, 'м. Одеса, вул. Катерининська, 9'),
(6, 'Наталія', 'Іванова', 'Миколаївна', '+380931111111', 'ivanova.nataliya@ukr.net', 'j5$tYf2#&', 18, 18000, 'м. Дніпро, вул. Богдана Хмельницького, 22'),
(7, 'Олександр', 'Сидоров', 'Іванович', '+380932222222', 'sidorov.oleksandr@gmail.com', 's7%gHj3^$', 32, 20000, 'м. Київ, вул. Хрещатик, 67'),
(8, 'Лілія', 'Петренко', 'Олександрівна', '+380939999999', 'petrenko.liliya@gmail.com', 'f2!rTg8^$', 28, 9000, 'м. Харків, вул. Героїв Праці, 19'),
(9, 'Оксана', 'Іваненко', 'Ігорівна', '+380939898989', 'ivanenko.oksana@i.ua', 'w4$eRt5%&', 20, 23000, 'м. Одеса, вул. Грецька, 13'),
(10, 'Дмитро', 'Петров', 'Вікторович', '+380931234567', 'petrov.dmitro@gmail.com', 'h6^jKl1#&', 29, 20000, 'м. Київ, вул. Борщагівська, 16'),
(11, 'Василь', 'Кравець', 'Петрович', '+380939876543', 'kravets.vasil@ukr.net', 'd9#gHf2$^', 37, 12000, 'м. Харків, вул. Шевченка, 95'),
(12, 'Ірина', 'Степаненко', 'Ігорівна', '+380977587777', 'stepanenko.irina@gmail.com', 'v7$hJk9%^', 43, 21000, 'м. Львів, вул. Широка, 28'),
(13, 'Ірина', 'Михайлюк', 'Сергіївна', '+380989876543', 'mihaylyuk.irina@gmail.com', 't68yUj8#^', 19, 12000, 'м. Вінниця, вул. Пирогова, 20'),
(14, 'Олег', 'Литвин', 'Миколайович', '+380998765432', 'litvin.oleg@ukr.net', 'b5!nYh4%^', 21, 11000, 'м. Київ, вул. Героїв Дніпра, 42'),
(15, 'Світлана', 'Петренко', 'Юріївна', '+380936547812', 'petrenko.svitlana@gmail.com', 'h&L!kT#z9', 21, 13200, 'м. Луцьк, вул. Ковельська, 28'),
(16, 'Віталій', 'Білик', 'Іванович', '0975462813', 'bilyk.vitalii@ukr.net', '5Np33&x7Aq', 27, 17200, 'м. Харків, вул. Лінійна, 10/2'),
(17, 'Олександра', 'Гончарук', 'Іванівна', '+380977854126', 'goncharuk.oleksandra@gmail.com', 'w!c4gH^pT', 29, 21300, 'м. Львів, вул. Городоцька, 45'),
(18, 'Сергій', 'Пономаренко', 'Олександрович', '+380957485236', 'ponomarenko.sergii@i.ua', 'f!G9c#NpL', 43, 17900, 'м. Дніпро, вул. Глінки, 21/13'),
(19, 'Ольга', 'Мартиненко', 'Ігорівна', '+380933214578', 'martynenko.olha@ukr.net', 's&L3q8G5z', 36, 23000, 'м. Запоріжжя, вул. Теплична, 7/10'),
(20, 'Ігор', 'Кравець', 'Миколайович', '+380955623987', 'kravets.igor@i.ua', 'u23hL5dW#y', 31, 20200, 'м. Кропивницький, вул. Центральна, 56'),
(21, 'Марина', 'Шевченко', 'Олександрівна', '+380932548717', 'shevchenko.marina@gmail.com', 'k&T2dV8#z', 22, 12000, 'м. Київ, вул. Інститутська, 16/2'),
(22, 'Ірина', 'Петрова', 'Миколаївна', '+380974563210', 'petrova.iryna@ukr.net', 's#X9fNqM76', 25, 16200, 'м. Одеса, вул. Маланюка, 7/13'),
(23, 'Микола', 'Литвиненко', 'Іванович', '+380972148536', 'litvynenko.mykola@gmail.com', 'c8f7G#vLd', 19, 18000, 'м. Львів, вул. Щирецька, 44'),
(24, 'Юлія', 'Гриценко', 'Володимирівна', '+380959647231', 'hritsenko.yuliia@i.ua', 'x!R8tZ#fB', 20, 21000, 'м. Харків, вул. Гв. Широнінців, 6/8'),
(25, 'Ірина', 'Громова', 'Миколаївна', '+380971256489', 'hromova.iryna@gmail.com', 'm&Q2tC!nV', 45, 30000, 'м. Львів, вул. Стрийська, 42'),
(26, 'Олег', 'Журавель', 'Іванович', '+380973569874', 'zhuravel.oleh@ukr.net', 'f&V5nH44uL', 47, 13200, 'м. Київ, вул. Володимирська, 10'),
(27, 'Олена', 'Петренко', 'Олександрівна', '+380939562314', 'petrenko.olena@gmail.com', 'k86q3xL!sT', 24, 21000, 'м. Харків, вул. Пушкінська, 72'),
(28, 'Ірина', 'Миколаївна', 'Петрова', '0664445556', 'iryna.petrova@gmail.com', 'HjKl09Gh', 32, 19000, 'м. Дніпро, вул. Пастера, 23'),
(29, 'Микола', 'Іванович', 'Литвиненко', '0933333333', 'mykola.litvynenko@gmail.com', 'RtY78uIo', 39, 19900, 'м. Львів, вул. Пекарська, 22'),
(30, 'Юлія', 'Володимирівна', 'Гриценко', '0677777777', 'iuliia.hrytsenko@yahoo.com', 'FgHj12Kl', 18, 16000, 'м. Дніпро, вул. Степова, 44'),
(31, 'Ірина', 'Миколаївна', 'Громова', '+380502223344', 'iryna.hromova@gmail.com', 'WsX34ErT', 26, 13000, 'м. Луцьк, вул. Кармелюка, 17'),
(32, 'Олег', 'Іванович', 'Журавель', '0986667778', 'oleh.zhuravel@gmail.com', 'YhN67jKl', 20, 11900, 'м. Хмельницький, вул. Героїв Майдану, 18'),
(33, 'Олена', 'Олександрівна', 'Петренко', '0638889990', 'olena.petrenko@gmail.com', 'VbN89mJk', 24, 23000, 'м. Львів, вул. Левицького, 19'),
(34, 'Володимир', 'Миколайович', 'Шевчук', '0675555544', 'volodymyr.shevchuk@yahoo.com', 'TgBc56Kl', 32, 12000, 'м. Дніпро, вул. Петра Запорожця, 8'),
(35, 'Марія', 'Сергіївна', 'Данилюк', '+380507778899', 'maria.danyliuk@gmail.com', 'PlM09nJk', 28, 18000, 'м. Луцьк, вул. Липова Алея, 12'),
(36, 'Максим', 'Володимирович', 'Шевченко', '0635557779', 'maksym.shevchenko@gmail.com', 'QwE45RtY', 22, 17000, 'м. Хмельницький, вул. Підвальна, 8'),
(37, 'Олена', 'Іванівна', 'Яковенко', '0974445566', 'olena.yakovenko@gmail.com', 'ZxC67VbN', 24, 19000, 'м. Одеса, вул. Балтійська, 25'),
(38, 'Ігор', 'Вікторович', 'Мельник', '+380508887776', 'ihor.melnyik@gmail.com', 'A$71d9f2', 26, 21020, 'м. Київ, вул. Лесі Українки, 15'),
(39, 'Віталій', 'Ігорович', 'Міщенко', '+380939998887', 'vitaliy.mishchenko@ukr.net', 'Q#8h6d1c', 29, 22000, 'м. Львів, вул. Зелена, 44'),
(40, 'Тетяна', 'Миколаївна', 'Сидоренко', '0674445554', 'tetyana.sydyrenko@gmail.com', 'Z343x2c1v', 21, 20000, 'м. Харків, вул. Данила Нечая, 12'),
(41, 'Віктор', 'Іванович', 'Шевченко', '0631112223', 'viktor.shevchenko@i.ua', 'E!4r5t6y', 32, 15000, 'м. Луцьк, вул. Винниченка, 13'),
(42, 'Ірина', 'Олександрівна', 'Коваленко', '+380951112223', 'iryna.kovalenko@gmail.com', 'B%9n8m7', 19, 11000, 'м. Львів, вул. Городоцька, 12'),
(43, 'Сергій', 'Миколайович', 'Козлов', '0662223334', 'sergiy.kozlov@gmail.com', 'N562b3v4c', 19, 14000, 'м. Хмельницький, вул. Подільська, 16'),
(44, 'Наталія', 'Ігорівна', 'Григоренко', '0973334445', 'nataliya.hryhorenko@ukr.net', 'T#6g7h8j', 21, 18000, 'м. Луцьк, вул. Грабовського, 9'),
(45, 'Віктор', 'Миколайович', 'Петров', '0934445556', 'victor.petrov@gmail.com', 'Y$2t3r4e', 34, 18800, 'м. Київ, вул. Богдана Хмельницького, 35');

-- --------------------------------------------------------

--
-- Структура таблиці `contracts_info_subject`
--

CREATE TABLE `contracts_info_subject` (
  `id` int NOT NULL,
  `name` varchar(150) NOT NULL,
  `description` varchar(1500) CHARACTER SET utf8mb4 COLLATE utf8mb4_0900_ai_ci DEFAULT NULL,
  `characteristics` json DEFAULT NULL,
  `photo` varchar(100) NOT NULL,
  `state` enum('Відмінний','Хороший','Задовільний','Поганий','Зламано') CHARACTER SET utf8mb4 COLLATE utf8mb4_0900_ai_ci NOT NULL
) ENGINE=InnoDB DEFAULT CHARSET=utf8mb4 COLLATE=utf8mb4_0900_ai_ci;

--
-- Дамп даних таблиці `contracts_info_subject`
--

INSERT INTO `contracts_info_subject` (`id`, `name`, `description`, `characteristics`, `photo`, `state`) VALUES
(1, 'Samsung Galaxy S20 Ultra', 'Є сліди експлуатації – подряпини на задній кришці скла задньої камери.', '{\"Камери\": \"Фронтальна та задня камери високої чіткості зображення\", \"Безпека\": \"Телефон без акаунтів та паролів\", \"Дисплей\": \"7\'\", \"Процесор\": \"Deca core\", \"Роз\'єм зарядки\": \"Type-C\", \"Внутрішня пам\'ять\": \"256Гб\", \"Оперативна пам\'ять\": \"16Гб\", \"Операційна система\": \"Android 10.0\"}', 'pawnshop\\src\\image\\contracts_1.webp', 'Хороший'),
(2, 'Золоті сережки з діамантами', 'Невеликі подряпини ', '{\"вага\": 3.24, \"проба\": 583, \"вставка\": \"діамант\", \"матеріал\": \"Червоне золото\", \"виробництво\": \"СРСР\"}', 'pawnshop\\src\\image\\contracts_2.webp', 'Задовільний'),
(3, 'Браслет із червоного золота', 'Без слідів використання', '{\"Вага\": 5.08, \"Проба\": 585, \"Довжина, см\": 18, \"Колір металу\": \"червоне золото\"}', 'pawnshop\\src\\image\\contracts_3.webp', 'Відмінний'),
(4, 'Ноутбук Lenovo ThinkPad X1 Carbon', 'Наявні царапини на корпусі, деякі клавіші залипають чи не працюють, сильно нагрівається від великої кількості пилу всередині корпусу', '{\"Процесор\": \"Intel Core i5-6300U\", \"Відеокарта\": \"Intel HD Graphics 520\", \"Жорсткий диск\": \"SSD\", \"Розмір екрану\": 14, \"Операційна система\": \"Win 10 Pro\", \"Об\'єм жорсткого диска\": \"256 Гб\", \"Роздільна здатність екрану\": \"1920х1080\"}', 'pawnshop\\src\\image\\contracts_4.jpg', 'Задовільний'),
(5, 'Срібне кольє з підвісом', 'Незначний знос, вицвітання, подряпини та інші дрібні дефекти', '{\"Вага\": 35.07, \"Проба\": 800, \"Ширина, см\": 0.5, \"Довжина, см\": 62}', 'pawnshop\\src\\image\\contracts_5.jpeg', 'Задовільний'),
(6, 'Кільце з жовтого золота з бурштином', 'Незначний знос, вицвітання, подряпини та інші дрібні дефекти. Без деформацій\r\nБез надпилів', '{\"Тип\": \"з великим каменем\", \"Вага\": 3.99, \"Проба\": 583, \"Розмір\": 18, \"Вставка\": \"бурштин\", \"Колір металу\": \"жовте золото\"}', 'pawnshop\\src\\image\\contracts_6.webp', 'Хороший'),
(7, 'Смартфон Samsung Galaxy S21 Ultra', 'Розбитий екран, цятка в місці удару, жовтий екран, вигорання, подряпини на склі камери', '{\"Дисплей\": \"Super Retina XDR\", \"Процесор\": \"Apple A15 Bionic\", \"Об\'єм пам\'яті\": \"128GB\", \"Колір пристрою\": \"Midnight\"}', 'pawnshop\\src\\image\\contracts_7.webp', 'Поганий'),
(8, 'Ноутбук HP Spectre x360', 'Присутні залипання клавіш та погано працюючі USB-порти', '{\"Екран\": \"15.6 IPS UltraHD 3840x2160 сенсорний екран і в ідеалі\", \"Процесор\": \"Intel Core i7 8550u 4 ядра 8 потоків по 1.8ghz turboboost up to 4.0ghz 8mb cache\", \"Відеокарта\": {\"NVidia Geforce MX150\": {\"обсяг власної пам‘яті\": \"2gb\", \"обсяг виділеної пам\'яті\": \"8гб\"}, \"Intel UHD Graphics 620\": {\"Макс. обсяг веопам\'яті графічної системи\": \"2gb\"}}, \"Внутрішня пам\'ять\": \"512gb SSD Sata m.2 nvme\", \"Оперативна пам\'ять\": \"8gb DDR4 можу зробити 16гб +1000грн (підтримує до 64gb)\"}', 'pawnshop\\src\\image\\contracts_8.webp', 'Хороший'),
(9, 'Срібний браслет', 'Без слідів використання', '{\"Вага\": 34.7, \"Проба\": 925, \"Довжина\": 24}', 'pawnshop\\src\\image\\contracts_9.webp', 'Відмінний'),
(10, 'Ноутбук Asus X1502ZA-BQ644', 'Без слідів використання', '{\"Wi-Fi\": \"802.11 ax\", \"Bluetooth\": true, \"SSD, ГБ\": 512, \"Web camera\": true, \"Бренд\": \"ASUS\", \"Вага, кг\": 1.7, \"батарея\": \"42 Вт/год\", \"Процесор\": \"Intel Core i3-1215U\", \"Тип матриці\": \"IPS\", \"Зовнішні порти\": \"1xUSB 3.2 (Type-C), 2xUSB 3.2, 1xUSB 2.0, HDMI, комбінований роз\'єм для навушників / мікрофона\", \"Діагональ, дюймів\": 15.6, \"Графічний адаптер\": \"Intel UHD Graphics\", \"Роздільна здатність\": \"1920x1080\", \"Частота оновлення, Гц\": 60, \"Оперативна пам\'ять, ГБ\": \"4+8\", \"Кількість ядер процесора\": \"2+4\"}', 'pawnshop\\src\\image\\contracts_10.webp', 'Відмінний'),
(11, 'Срібна каблучка з цирконієм', 'Невелика деформація', '{\"Вага\": 18.28, \"Проба\": 925, \"Розмір\": 18.5, \"Вставка\": \"цирконій\", \"Колір каменю\": \"чорний\"}', 'pawnshop\\src\\image\\contracts_11.webp', 'Хороший'),
(12, 'Золоті сережки', 'Невеликі забруднення та вицвітання', '{\"Вага\": 3.54, \"Проба\": 583, \"Розмір, см\": 3, \"Колір металу\": \"червоне золото\"}', 'pawnshop\\src\\image\\contracts_12.webp', 'Задовільний'),
(13, 'Кулон із червоного золота', 'Без слідів використання', '{\"Вага\": 4.15, \"Проба\": 585, \"Розмір, см\": 3, \"Колір металу\": \"червоне золото\"}', 'pawnshop\\src\\image\\contracts_13.webp', 'Відмінний'),
(14, 'Золоте кільце з діамантом', 'Незначна деформація та подряпини.', '{\"Вага\": 3.56, \"Проба\": 585, \"Розмір\": 20, \"Вставка\": \"діамант\", \"Колір металу\": \"жовте золото\"}', 'pawnshop\\src\\image\\contracts_14.webp', 'Задовільний'),
(15, 'Наручний годинник Orient', 'Без подряпин чи інших деформацій.', '{\"Скло\": \"Сапфірове (Супер міцне, стійке до подряпин)\", \"Бренд\": \"Orient\", \"Корпус\": \"Сталевий\", \"Браслет\": \"Сталевий\", \"розміри\": {\"Діаметр\": \"47 мм\", \"товщина\": \"13 мм\"}, \"Механізм\": \"Механічний з автопідзаводом (Заводяться від коливань руки)\", \"Водозахист\": \"200м (Дайвінг)\", \"Назва моделі\": \"ORIENT RA-AC0N01B10B M-Force Made in Japan\", \"Колекція (бренд)\": \"Orient Diver\'s 200m 300m\"}', 'pawnshop\\src\\image\\contracts_15.webp', 'Відмінний'),
(16, 'Срібна каблучка з цирконієм', 'Без слідів використання', '{\"Вага\": 5.9, \"Проба\": 925, \"Розмір\": 17.5, \"Вставка\": \"цирконій\", \"Колір каменю\": \"білий\"}', 'pawnshop\\src\\image\\contracts_16.jpg', 'Відмінний'),
(17, 'Срібні сережки з фіанітами', 'Наявні незначні подряпини та тріщини на каменях', '{\"Вага\": 9.9, \"Проба\": 925, \"Вставка\": \"кошаче око\", \"Розмір, см\": 2.5}', 'pawnshop\\src\\image\\contracts_17.webp', 'Поганий'),
(18, 'Кільце з червоного та білого золота з цирконієм', 'Присутнє окислення', '{\"Вага\": 3.95, \"Проба\": 585, \"Розмір\": 20.5, \"Вставка\": \"цирконій\", \"Колір каменю\": \"білий\", \"Колір металу\": [\"червоне золото\", \"біле золото\"]}', 'pawnshop\\src\\image\\contracts_18.jfif', 'Задовільний'),
(19, 'Nikon Z5 body', 'Невеликі подряпини на корпусі', '{\"Вага\": \"450 г\", \"Колір\": \"чорний\", \"Висота\": \"93.5 мм\", \"Ширина\": \"126.5 мм\", \"Байонет\": \"Nikon Z\", \"Глибина\": \"60 мм\", \"Інтерфейс\": [\"Bluetooth\", \"microHDMI\", \"microUSB\", \"Wi-Fi\"], \"Дисплей LCD\": \"Так\", \"Діагональ LCD\": \"3.2 дюйма\", \"Рухомий екран LCD\": \"Так\", \"Сенсорний екран\": \"Так\", \"Вбудований динамік\": \"Так\", \"Матриця (конвертер)\": \"20.9 МП\", \"Підтримуваний тип зовнішньої пам\'яті\": \"Secure Digital\"}', 'pawnshop\\src\\image\\contracts_19.webp', 'Хороший'),
(20, 'Перстень із червоного та білого золота з цирконієм.', 'Присутні вицвітання, значні подряпини та деформація', '{\"Вага\": 2.53, \"Проба\": 585, \"Розмір\": 17.5, \"Вставка\": \"цирконій\", \"Колір каменю\": \"білий\", \"Колір металу\": \"червоне та біле золото\"}', 'pawnshop\\src\\image\\contracts_20.webp', 'Поганий'),
(21, 'Ланцюг із червоного золота з плетінням Бісмарк', 'Присутні окислення ', '{\"Вага\": 14.4, \"Проба\": 583, \"Плетіння\": \"бісмарк\", \"Ширина, см\": 0.4, \"Довжина, см\": 52, \"Колір металу\": \"червоне золото\", \"Тип застібки\": \"шпінгельний замок (кільце)\"}', 'pawnshop\\src\\image\\contracts_21.webp', 'Хороший'),
(22, 'Антикварні статуетки зі срібла \"Дівчата з музичними інструментами\", середина 20 століття', 'Пройшли професійну чистку срібла, є невеликі втрати дрібних елементів', '{\"Вага\": [618, 601], \"Висота\": [33, 31.5], \"Період\": \"середина 20-го століття\", \"Матеріал\": \"срібло\", \"Загальна вага\": 1219, \"Діаметр основи\": 10.5}', 'pawnshop\\src\\image\\contracts_22.webp', 'Хороший'),
(23, 'Кільце з червоного та білого золота з діамантом.', 'Без пошкоджень', '{\"Вага\": 2.39, \"Проба\": 585, \"Розмір\": 17, \"Вставка\": \"діамант\", \"Колір каменю\": \"білий\", \"Колір металу\": \"червоне та біле золото\"}', 'pawnshop\\src\\image\\contracts_23.webp', 'Відмінний'),
(24, 'Срібні сережки з перлами і цирконієм', 'Присутнє окислення та подряпини', '{\"Вага\": 7.26, \"Проба\": 925, \"Розмір\": 17, \"Вставка\": \"перли\", \"Розмір, см\": 1.4, \"Колір каменю\": \"білий\"}', 'pawnshop\\src\\image\\contracts_24.jpg', 'Задовільний'),
(25, 'Ланцюг із червоного золота з плетінням подвійний Ромб', 'Погано працює застібка', '{\"Вага\": 9.95, \"Проба\": 585, \"Плетіння\": \"подвійний ромб\", \"Ширина, см\": 0.3, \"Колір металу\": \"червоне золото\", \"Тип застібки\": \"карабін\"}', 'pawnshop\\src\\image\\contracts_25.webp', 'Хороший'),
(26, 'Антикварна статуетка «Лісова німфа», бронза, 90-і роки 20 століття', 'Невеликі подряпини', '{\"Період\": \"90-ті роки ХХ століття\", \"Розмір\": {\"Висота\": \"8,5\", \"Ширина\": \"10\", \"Довжина\": \"40\"}, \"Матеріал\": [\"бронза\", \"мармур\"]}', 'pawnshop\\src\\image\\contracts_26.webp', 'Хороший'),
(27, 'Смартфон Apple iPhone 13 128GB', 'Без пошкоджень', '{\"Дисплей\": \"Super Retina XDR\", \"Процесор\": \"Apple A15 Bionic\", \"Об\'єм пам\'яті\": \"128GB\", \"Колір пристрою\": \"Midnight\"}', 'pawnshop\\src\\image\\contracts_27.webp', 'Відмінний'),
(28, 'Кільце з червоного золота з цирконієм', 'З невеликою деформацією', '{\"вага\": 2.12, \"проба\": 585, \"розмір\": 18, \"вставка\": \"цирконій\", \"колір каменю\": \"білий\", \"колір металу\": \"червоне золото\"}', 'pawnshop\\src\\image\\contracts_28.jfif', 'Хороший'),
(29, 'Срібний ланцюг із плетінням Фантазійне', 'Присутні окислення та погано працююча застібка', '{\"Вага\": 51.2, \"Проба\": 800, \"Плетіння\": \"фентезійне\", \"Довжина, см\": 60, \"Тип застібки\": \"карабін\"}', 'pawnshop\\src\\image\\contracts_29.jpg', 'Задовільний'),
(30, 'Ноутбук Lenovo IdeaPad 3', 'Засвіт на матриці, пошкоджено кут', '{\"Вага\": \"1.85 кг\", \"Екран\": {\"діагональ\": \"15.6\", \"тип матриці\": \"TN\", \"роздільна здатність\": \"1366x768\"}, \"Порти\": {\"USB\": {\"2.0\": \"1\", \"3.0\": \"2\"}, \"HDMI\": \"1\", \"Audio\": \"1\", \"Card Reader\": \"1\"}, \"Батарея\": \"не менше 1.5-2 годин у режимі звичайного навантаження\", \"Графіка\": {\"ОЗП\": \"до 1792 MB\", \"модель\": \"інтегрована Intel UHD Graphics\"}, \"Процесор\": {\"кеш\": \"4 MB Smart Cache\", \"ядра\": \"2 (4)\", \"модель\": \"Intel Core i3-1005G1\", \"частота\": \"1.2 - 3.4 GHz\"}, \"Веб-камера\": \"є\", \"Постійна пам\'ять\": \"256 ГБ SSD\", \"Оперативна пам\'ять\": \"8 GB DDR4\"}', 'pawnshop\\src\\image\\contracts_30.jpg', 'Задовільний'),
(31, 'Кольє з білого золота з перлами та цирконієм', 'Без пошкоджень', '{\"Вага\": 6.21, \"Проба\": 750, \"Вставка\": \"перли\", \"Довжина, см\": 43, \"Колір металу\": \"біле золото\", \"Тип застібки\": \"карабін\", \"Колір каменню\": \"білий\"}', 'pawnshop\\src\\image\\contracts_31.jpg', 'Відмінний'),
(32, 'Телевізор LG 55UQ81006LB', 'Зламані кріплення', '{\"Wi-Fi\": true, \"Тип екрану\": \"РК/LCD з LED підсвічуванням\", \"роздільна здатність\": \"Full HD 1920*1080\"}', 'pawnshop\\src\\image\\contracts_32.webp', 'Хороший'),
(33, 'Кільце з червоного та білого золота з діамантом', 'Присутні невеликі подряпини', '{\"Вага\": 1.41, \"Проба\": 585, \"Розмір\": 16.5, \"Вставка\": \"діамант\", \"Колір каменю\": \"білий\", \"Колір металу\": \"червоне та біле золото\"}', 'pawnshop\\src\\image\\contracts_33.webp', 'Хороший'),
(34, 'Cмартфон xiaomi redmi note 11 pro + 5G 8/256GB', 'Подряпини на корпусі та дисплеї, незначне вигоряння дисплея, сколи на корпусі', '{\"ОС\": \"Android 11.0\", \"Процесор\": \"Qualcomm Snapdragon 695\", \"Камера, МП\": 108, \"Тип матриці\": \"AMOLED\", \"Кількість SIM\": \"2 (або 1 SIM + картка пам\'яті)\", \"Тип SIM-картки\": \"Nano-SIM\", \"Діагональ екрану\": 6.67, \"вбудована пам\'ять\": \"256 ГБ\", \"Оперативна пам\'ять\": \"8 ГБ\", \"Порт для заряджання\": \"USB Type-C\", \"Ємність аккумулятору\": \"5000 мАг\", \"Бездротові комунікації\": [\"Bluetooth\", \"GPS\", \"IrDA\", \"NFC\", \"Wi-Fi\", \"ГЛОНАСС\"], \"Роздільна здатність екрану\": \"2400x1080\"}', 'pawnshop\\src\\image\\contracts_34.webp', 'Задовільний'),
(35, 'Відеокамера SONY HDR-CX625 Black', 'Незначний знос корпусу', '{\"Модель\": \"CX625\", \"Відеоформати\": [\"AVCHD\", \"MP4\", \"XAVC S\"], \"Модельний ряд\": \"HDR\", \"Розмір матриці\": \"1/5.8\", \"Вбудована пам\'ять\": \"Ні\", \"Вбудований проектор\": \"Ні\", \"Частота кадрів, кадр/с\": 60, \"Роздільна здатність відео\": \"Full HD (1920x1080)\", \"Ефективних мегапікселів (відео)\": 2.29, \"Тип матриці (світлочутливий елемент)\": \"Exmor R CMOS\"}', 'pawnshop\\src\\image\\contracts_35.webp', 'Хороший'),
(36, 'Срібний браслет', 'Присутній незначний знос та окислення', '{\"Вага\": 6.59, \"Проба\": 925, \"Плетіння\": \"фентезійне\", \"Ширина, см\": 0.4, \"Довжина, см\": 19.5, \"Тип застібки\": \"карабін\"}', 'pawnshop\\src\\image\\contracts_36.jpg', 'Хороший'),
(37, 'Acer Aspire 3 A317-52 (NX.HZWEU.003)', 'Присутні незначні залипання на деяких клавішах', '{\"Вес\": \"1.7 кг\", \"Порты\": {\"LAN\": \"1x (RJ-45)\", \"USB\": [\"1x USB 2.0\", \"2x USB 3.0\"], \"HDMI\": \"1x\", \"Audio\": \"2x\"}, \"Экран\": {\"диагональ\": \"15.6\", \"разрешение\": \"1920x1080\", \"тип матрицы\": \"TN, матовый\"}, \"Модель\": \"Acer Aspire 3 A315-58\", \"Батарея\": \"не менее 1.5-2 часа в режиме обычной нагрузки\", \"Графика\": \"интегрированная Intel UHD Graphics (до 1792 MB с ОЗУ)\", \"Процессор\": \"Intel Core i3-1115G4 (2 (4) ядра по 4.1 GHz), 6 MB Smart Cache\", \"Веб-камера\": \"есть\", \"Постоянная память\": \"120 GB SSD M.2 NVMe\", \"Оперативная память\": \"4 GB DDR4\"}', 'pawnshop\\src\\image\\contracts_37.jpg', 'Відмінний'),
(38, 'Сережки з червоного золота з рубіном', 'Присутня невелика тріщина на одному з рубінів', '{\"Вага\": 1.88, \"Проба\": 583, \"Вставка\": \"рубін\", \"Розмір, см\": 1.9, \"Колір каменю\": \"рожевий\", \"Колір металу\": \"червоне золото\"}', 'pawnshop\\src\\image\\contracts_38.jpg', 'Хороший'),
(39, 'Срібний ланцюжок', 'Присутній незначний знос, подряпини', '{\"Вага\": 31.15, \"Проба\": 925, \"Плетіння\": \"бісмарк\", \"Ширина, см\": 0.5, \"Довжина, см\": 54, \"Тип застібки\": \"карабін\"}', 'pawnshop\\src\\image\\contracts_39.jpeg', 'Хороший'),
(40, 'Кулон з червоного та білого золота з цирконієм', 'Без слідів експлуатації', '{\"Вага\": 3.01, \"Проба\": 585, \"Вставка\": \"цирконій\", \"Розмір, см\": 3, \"Колір каменю\": \"синій\", \"Колір металу\": \"червоне та біле золото\"}', 'pawnshop\\src\\image\\contracts_40.jfif', 'Відмінний'),
(41, 'Срібний кулон з цирконієм', 'Присутні сильні забруднення на зворотній частині прикраси', '{\"Вага\": 1.9, \"Проба\": 925, \"Вставка\": \"цирконій\", \"Покриття\": \"родирування\", \"Розмір, см\": 2.3, \"Колір каменю\": \"білий\"}', 'pawnshop\\src\\image\\contracts_41.jpg', 'Хороший'),
(42, 'Кулон із червоного золота', 'Присутні значні пошкодження та потертості малюнку на кулоні', '{\"Вага\": 1.78, \"Проба\": 585, \"Розмір, см\": 2.5, \"Колір металу\": \"червоне золото\"}', 'pawnshop\\src\\image\\contracts_42.webp', 'Поганий'),
(43, 'Ноутбук 14\" Lenovo IdeaPad S340-14IIL', 'Присутні царапини та сколи на решітці охолодження', '{\"Full HD\": true, \"Вага\": \"1.6 кг\", \"Об\'єм SSD\": \"1 ТБ\", \"Процесор\": \"Intel Core i5-1035G1\", \"Відеокарта\": \"Intel UHD Graphics\", \"Тип матриці\": \"IPS\", \"Діагональ екрану\": \"14\", \"Тип оперативної пам\'яті\": \"DDR4\", \"Кількість ядер процесора\": 4, \"Роздільна здатність екрану\": \"1920 х 1080\", \"Місткість оперативної пам\'яті\": \"8 ГБ\", \"Встановлена операційна система\": \"Windows 10\"}', 'pawnshop\\src\\image\\contracts_43.jpg', 'Хороший'),
(44, 'Браслет із білого золота з діамантом', 'Присутні пошкодження та забруднення в місцях кріплення діамантів', '{\"Вага\": 10.14, \"Проба\": 750, \"Вставка\": \"діамант\", \"Плетіння\": \"фентезійне\", \"Покриття\": \"родирування\", \"Ширина, см\": 0.5, \"Довжина, см\": 17, \"Колір каменю\": \"білий\", \"Колір металу\": \"біле золото\", \"Тип застібки\": \"карабін\"}', 'pawnshop\\src\\image\\contracts_44.jfif', 'Хороший'),
(45, 'Срібний ланцюжок', 'Без слідів використання', '{\"Вага\": 22.08, \"Проба\": 925, \"Плетіння\": \"бісмарк\", \"Ширина, см\": 0.6, \"Довжина, см\": 60, \"Тип застібки\": \"карабін\"}', 'pawnshop\\src\\image\\contracts_45.jpg', 'Відмінний'),
(46, 'Антикварна статуетка \"Суддя\", Сальвадор Фуріо, Lladro, друга половина 20-го століття', 'Відмінне збереження', '{\"Бренд\": \"Lladró\", \"Країна\": \"Іспанія\", \"Розмір\": {\"висота\": \"10\", \"ширина\": \"15\", \"довжина\": \"41\"}, \"Матеріал\": \"порцеляна\", \"Рік випуску\": \"1985\"}', 'pawnshop\\src\\image\\contracts_46.webp', 'Відмінний'),
(47, 'Монітор 23.8\" Dell P2418HT (210-AKBD) Black', 'Подряпина на екрані', '{\"Вага\": \"6.2кг\", \"Розмір\": \"326 x 549.8 x 50.3 мм\", \"Формат\": \"16:9\", \"Матриця\": \"IPS\", \"Діагональ\": 23.8, \"Типи інтерфейсу\": \"VGAHDMIDisplayPort\", \"Частота оновлення\": \"60Hz\", \"Роздільна здатність екрану\": \"1920x1080\"}', 'pawnshop\\src\\image\\contracts_47.jpg', 'Хороший'),
(48, 'Золоті сережки', 'На одній сережці погано працююча застібка', '{\"Вага\": 2.4, \"Проба\": 583, \"Розмір, см\": 2.4, \"Колір металу\": \"червоне золото\"}', 'pawnshop\\src\\image\\contracts_48.webp', 'Задовільний'),
(49, 'Ланцюжок з червоного золота з плетінням Якірне', 'Незначні подряпини', '{\"Вага\": 4.5, \"Проба\": 585, \"Плетіння\": \"якірне\", \"Ширина, см\": 0.1, \"Довжина, см\": 56, \"Колір металу\": \"червоне золото\", \"Тип застібки\": \"карабін\"}', 'pawnshop\\src\\image\\contracts_49.jfif', 'Хороший'),
(50, 'iPad Pro (2020) 11 ', 'Подряпини на екрані', '{\"Вага\": \"473 г\", \"Габарити\": \"247,6x178,5x5,9 мм\", \"Об\'єм ОЗУ\": \"6 Гб\", \"Процесор\": \"восьмиядерний Apple A12Z Bionic\", \"Діагональ\": \"11\", \"Акумулятор\": \"літієвий акумулятор 28,65 Вт∙год\", \"Розширення\": \"2388x1668\", \"Об\'єм вбудованої пам\'яті\": \"256 Гб\"}', 'pawnshop\\src\\image\\contracts_50.webp', 'Задовільний'),
(51, 'Срібні сережки', 'Присутні подряпини та незначні деформації', '{\"Вага\": 2.4, \"Проба\": 925, \"Розмір, см\": 1}', 'pawnshop\\src\\image\\contracts_51.webp', 'Задовільний'),
(52, 'Золоте кільце з діамантом', 'Незначна деформація біля кріплення каменю', '{\"Вага\": 1.29, \"Проба\": 585, \"Розмір\": 16, \"Вставка\": \"діамант\", \"Колір каменю\": \"білий\", \"Колір металу\": \"червоне золото\"}', 'pawnshop\\src\\image\\contracts_52.jfif', 'Задовільний');

-- --------------------------------------------------------

--
-- Структура таблиці `goods_for_sale`
--

CREATE TABLE `goods_for_sale` (
  `id` int NOT NULL,
  `name` varchar(100) NOT NULL,
  `market_price` decimal(20,2) NOT NULL,
  `characteristics` json DEFAULT NULL,
  `state` enum('Відмінний','Хороший','Задовільний','Поганий','Зламано') NOT NULL,
  `picture` varchar(200) NOT NULL,
  `description` varchar(1200) CHARACTER SET utf8mb4 COLLATE utf8mb4_0900_ai_ci DEFAULT NULL,
  `category` enum('Продаж','Аукціон') NOT NULL,
  `views` int DEFAULT NULL,
  `end_date` date NOT NULL DEFAULT '2023-11-19',
  `status` enum('очікує','в обробці','куплено') CHARACTER SET utf8mb4 COLLATE utf8mb4_0900_ai_ci NOT NULL DEFAULT 'очікує'
) ENGINE=InnoDB DEFAULT CHARSET=utf8mb4 COLLATE=utf8mb4_0900_ai_ci;

--
-- Дамп даних таблиці `goods_for_sale`
--

INSERT INTO `goods_for_sale` (`id`, `name`, `market_price`, `characteristics`, `state`, `picture`, `description`, `category`, `views`, `end_date`, `status`) VALUES
(1, 'Смартфон Samsung Galaxy S22 Ultra S908B 12GB/512GB Phantom Black', '51099.00', '{\"Процесор\": \"Exynos 2200 (Pamir) 4nm\", \"Тип дисплея\": \"Dynamic AMOLED 2Х\", \"Основна камера\": \"108 МП + 10 МП + 10 МП + 12 МП\", \"Діагональ екрану\": \"6.8\", \"Оперативна пам\'ять\": \"12 Гб\"}', 'Хороший', 'https://cdn.samsungshop.com.ua/products/5180/images/26648/157016-large-webp.webp', NULL, 'Продаж', NULL, '2023-11-19', 'в обробці'),
(2, 'Ноутбук DELL G15 5510 (G15558S3NDL-60G)', '36999.00', '{\"Класс\": [\"Игровой\", \"Мультимедийный\"], \"Дисплей\": {\"яркость\": \"250 кд/м²\", \"диагональ\": 15.6, \"тип матрицы\": [\"IPS\", \"PLS\", \"AHVA\", \"WVA\", \"UWVA\"], \"покрытие экрана\": \"Антибликовое\", \"сенсорный экран\": false, \"макс. разрешение\": \"1920 x 1080 (Full HD)\", \"частота обновления\": \"120 Гц\"}, \"Процессор\": {\"модель\": \"Intel Core i5-10200H (Comet Lake)\", \"производитель\": \"Intel\", \"ядро /поколение\": \"Intel Comet Lake (десятое)\", \"к-во ядер /потоков\": \"4 ядра / 8 потоков\", \"тактовая частота - turbo\": \"2,4-4,2 ГГц\"}, \"Видеокарта\": {\"тип памяти\": \"gDDR 6\", \"дискретная\": \"NVIDIA GeForce RTX 3050\", \"Поддержка VR\": false, \"объем памяти\": \"4 Гб\", \"интегрированная\": \"Intel UHD Graphics\"}, \"Гарантия, мес.\": 36, \"Модельный ряд\": \"G15\", \"Цвет (основной)\": \"Серый\", \"Порт USB Type-C/ Thunderbolt\": \"1хUSB 3.2 Gen 1 Type-C (DP)\", \"Оперативная память\": {\"тип\": \"DDR4 - 2933 МГц\", \"объем\": \"8 Гб\"}, \"Слот для карт памяти\": false, \"Предустановленная ОС\": \"Linux\", \"Страна производитель\": \"Китай\", \"Встроенный накопитель\": {\"объем SSD\": \"512 ГБ\", \"512 ГБ (NVMe SSD)\": true, \"скор. об. шп. HDD\": false}, \"Беспроводные интерфейсы\": {\"Wi-Fi\": \"802.11ax\", \"Bluetooth/ NFC\": \"Bluetooth 5.1\"}, \"Сетевое подключение (LAN RJ-45), Мбит/с\": \"10/100/1000 Ethernet\", \"Порт USB 2.0 Type-A/ Type-B/ mini USB/ micro USB (up to 480Mbps)\": \"2 x USB 2.0 Type-A\", \"Порт USB 3.0/3.1/3.2 Gen 1 Type-A/ Type-B/ micro USB (up to 5Gbps)\": \"1 x USB 3.2 Gen 1 Type-A\"}', 'Задовільний', 'https://img.moyo.ua/img/products/5226/15_1500.jpg?1676304050', NULL, 'Продаж', NULL, '2023-11-19', 'в обробці'),
(4, 'Фотоапарат Canon EOS R6 RF 24-105 mm F4-7.1 IS STM Black (4082C046AA)', '161220.00', '{\"Вага\": \"1075 г (з об\'єктивом, карткою пам\'яті й акумулятором)\", \"Відео\": \"4K\", \"Колір\": \"чорний\", \"Матриця\": \"35.9 x 23.9 мм\", \"Розміри\": \"135.8 x 177.2 x 97.5 мм\", \"Об\'єктив\": \"Canon RF 24-105 mm F4-7.1 IS STM\", \"Живлення\": \"літій-іонний акумулятор\", \"LCD-дисплей\": \"3.0\", \"Мегапікселів\": \"20.1 Мп\", \"Підтримка карток пам\'яті\": \"2x SD/SDHC/SDXC і UHS-II\"}', 'Відмінний', 'https://content1.rozetka.com.ua/goods/images/big/27211652.jpg', NULL, 'Аукціон', 74, '2024-01-15', 'очікує'),
(5, 'Браслет Золотий Вік однотонний золотий золото', '5796.00', '{\"Бренд\": \"Золотий Вік\", \"Колір\": \"Золотий\", \"Проба\": 585, \"Склад\": \"Золото 585 проби.\", \"Візерунок\": \"Однотонний\", \"Колір металу\": \"Жовтий\", \"Вага виробу, г\": 1.93, \"Країна бренду\": \"Україна\", \"Країна виробництва\": \"Україна\"}', 'Хороший', 'https://kasta.ua/image/1035/s3/c/6d/1fc/9755644/27935097/27935097_retouched.jpeg', 'Розмір: 18 см.', 'Продаж', NULL, '2023-11-19', 'в обробці'),
(6, 'Золоті сережки-кільця', '10912.00', '{\"Проба\": 585, \"Для кого\": \"Жіночі\", \"Вага, грам\": 4.63, \"Вид металу\": \"Золото\", \"Колір металу\": \"Червоне золото\"}', 'Задовільний', 'https://zolotakraina.ua/media/catalog/product/cache/7a05ea188671834b9ad2f2d674d6187c/z/o/zolotye-sergi-kolca-700435-s-foto-1.jpg', 'Сережки-кільця з червоного золота 585 проби без вставки', 'Продаж', NULL, '2023-11-19', 'очікує'),
(7, 'Cрібний комплект прикрас з великими каменями сережки каблучка', '2947.00', '{\"Вага\": \"16.41 г\", \"Стан\": \"Новий\", \"Проба\": \"925\", \"Стать\": \"Жіноча\", \"Колір металу\": \"Білий\", \"Склад набору\": [\"Сережки\", \"Кільце\"], \"Колір каменів\": \"Фіолетовий\", \"Розмір кільця\": \"18,5\", \"Камені вставки\": \"Фіаніт\"}', 'Відмінний', 'https://images.prom.ua/3743407340_w640_h640_shikarnyj-serebryanyj-komplekt.jpg', 'Красивий статусний комплект прикрас зі срібла 925 проби з великими  лавандовими фіанітами.  В комплект входить:  Сережки  вага - 10,24 грам. Застібка- англійський замок.  Каблучка-перстень вага - 6,17 грам;  розмір- 18,5 (можена замовити каблучку в любому розмірі, термін виготовлення від 2-х до 5-ти днів. Вага може змінюватися в залежності від розміру виробу).  Загальна вага комплекту - 16,41 грам.  На виробах стоять проби, які підтверджують матеріал - срібло, і проба з пробірної палати України.  Каблучку та сережки можна придбати окремо.', 'Продаж', NULL, '2023-11-19', 'очікує'),
(8, 'Сережки Спонтанність', '2880.00', '{\"Метал\": \"Золото\", \"Проба\": \"585\", \"Для кого\": [\"Дитячі\", \"Жіночі\"], \"Cередня вага\": \"1.10г\", \"Колір металу\": \"Червоний\"}', 'Поганий', 'https://minimal.com.ua/wp-content/uploads/2022/11/2110100435-ch-800x800.jpg', NULL, 'Продаж', NULL, '2023-11-19', 'очікує'),
(9, 'Відеокамера Panasonic HC-VX1EE-K', '20999.00', '{\"NFC\": \"Ні\", \"Вага\": \"428 г\", \"Бренд\": \"Panasonic\", \"Роз\'єм USB\": \"Так\", \"Мікрофон\": \"Так\", \"Роз\'єм HDMI\": \"Так\", \"Тип матриці\": \"BSI MOS\", \"Aудіосистема\": \"Dolby Digital 5.1\", \"Оптичний зум\": \"24х\", \"Карта пам\'яті\": \"SD/SDHC/SDXC\", \"Комплектація\": \"Відеокамера, Інструкція\", \"Формат запису\": \"MP4, JPEG (DCF/Exif2.2)\", \"Розмір матриці\": \"1/2.5\", \"Габарити (ВхШхГ)\": \"77 х 68 х 142 мм\", \"Колір виробника\": \"Чорний\", \"Сенсорний екран\": \"Так\", \"Діагональ екрану\": \"3\'\", \"Гарантійний термін\": \"3 роки\", \"Країна виробництва\": \"Китай\", \"Режим нічної зйомки\": \"Є\", \"Ємність акумулятору\": \"1940 мАг\", \"Максимальний час запису\": \"до 65 хв\", \"Стабілізація зображення\": \"Оптична\", \"Роздільна здатність відео\": \"3840 x 2160 4K UHD\", \"Роздільна здатність екрану\": \"460 800 точок\", \"Роздільна здатність матриці\": \"8,57 Мп\", \"Управління зі смартфона (Wi-Fi)\": \"Так\", \"Гніздо для зовнішнього мікрофона\": \"Є\"}', 'Зламано', 'https://cdn.comfy.ua/media/catalog/product/h/c/hc-vx1ee-k_2_.jpg', NULL, 'Продаж', NULL, '2023-11-19', 'очікує'),
(10, 'ПЛАНШЕТ XIAOMI PAD 5 6/128GB COSMIC GRAY CN WITH GLOBAL ROM', '13999.00', '{\"Серія\": \"xiaomi pad 5\", \"Укран\": {\"Діагональ дисплея\": \"11\", \"Еехнологія дисплея\": \"ips\", \"Роздільна здатність\": \"2560 x 1600\"}, \"Пам\'ять\": {\"Вбудована пам\'ять\": \"128 гб\", \"Оперативна пам\'ять\": \"6 гб\"}, \"Живлення\": {\"Ємність акумулятора\": \"8720 маг\"}, \"Основна камера\": {\"Основна камера, мп\": \"13 мп\"}, \"Фронтальна камера\": {\"Фронтальна камера, мп\": \"8 мп\"}, \"Фізичні параметри\": {\"Колір\": \"сірий\"}, \"Операційна система\": \"android 11.0\", \"Характеристики процесора\": {\"Процесор\": \"qualcomm snapdragon 860\"}}', 'Хороший', 'https://img.mta.ua/image/cache/data/foto/z583/583777/photos/Xiaomi-Pad-5-6128GB-Pearl-White-CN-with-Global-Rom-34-Gray-04-600x600.jpg', NULL, 'Продаж', NULL, '2023-11-19', 'очікує'),
(11, 'Mi RedmiBook 15 i3/8/256', '17999.00', '{\"Дисплей\": {\"Діагональ\": \"15.6\", \"Роздільна здатність\": \"1920x1080\"}, \"Процесор\": {\"Модель\": \"Intel Core i3-1115G4 (1.7 - 4.1 ГГц)\", \"Кількість ядер\": 2}, \"Графічний адаптер\": {\"Тип відеокарти\": \"Інтегрована\", \"Модель відеокарти\": \"Intel Iris Graphics\", \"Обсяг відеопам\'яті\": \"Використовує оперативну пам\'ять\"}, \"Оперативна пам\'ять\": {\"Тип\": \"DDR4 - 3200 МГц\", \"Обсяг\": \"8 ГБ\"}, \"Дискова подсистема\": {\"Тип накопичувача\": \"SSD\", \"Обсяг накопичувача\": \"256 ГБ\"}}', 'Відмінний', 'https://i.allo.ua/media/catalog/product/cache/3/image/2000x2000/af097278c5db4767b0fe9bb92fe21690/o/v/overview05-img_1_1_1.jpg', NULL, 'Продаж', NULL, '2023-11-19', 'очікує'),
(12, 'Монітор Dell P2417H 24\" IPS ( Клас A)', '4995.00', '{\"VESA\": \"100x100\", \"Клас\": \"A\", \"Колір\": \"Чорний\", \"Модель\": \"P2417H\", \"Serial Number\": \"B0D71J2\", \"Виробник\": \"Dell\", \"Гарантія\": \"12 міс.\", \"Матеріал\": \"Пластик\", \"Тип дисплея\": \"IPS\", \"Покриття матриці\": \"Матова\", \"Вбудовані колонки\": \"Ні\", \"Відношення сторін\": \"16:9\", \"Діагональ дисплея\": \"24\", \"Порти підключення\": \"DisplayPort; HDMI; VGA\", \"Кут огляду горизонтальний\": \"7.63\", \"Роздільна здатність дисплея\": \"1920x1080\"}', 'Поганий', 'https://gazik.ua/upload/iblock/cb1/6t4gexdrrbhm6ohw0g7gwkiegi8faf2e/20557cde-4eea-11ed-ab7d-52a7c679d213_20557ce1-4eea-11ed-ab7d-52a7c679d213.jpg', 'Неперевершена продуктивність Монітор Dell 23.8\" P2417H підвищує продуктивність на робочому місці, забезпечуючи додаткову зручність для користувача. Створений для максимальної зручності Ви можете легко обрати потрібний кут, висоту й розташування монітора, щоб насолоджуватися прекрасним зображенням на декількох моніторах без зайвих зусиль.   - Менше перешкод у роботі. Завдяки тонкій рамці працювати на декількох моніторах набагато   зручніше, а зображення має майже єдиний вигляд.   - Універсальність, на яку можна покластися. Оцініть можливість повноцінного настроювання кутів повороту в горизонтальній і вертикальній площині, нахилу, а також висоти згідно з вашими вподобаннями.   - Розширені можливості під\'єднання. Різні порти на нижній і бічний панелі монітора дають змогу без зусиль під\'єднати всілякі пристрої.', 'Продаж', NULL, '2023-11-19', 'очікує'),
(13, 'Ноутбук ігровий Acer Nitro 5 AN515-45-R94Y (NH.QB9EU.007) Shale Black', '33999.00', '{\"ОС\": {\"Операційна система\": \"Endless OS\"}, \"ОЗП\": {\"Об\'єм ОЗП\": \"16 ГБ\", \"Кількість слотів ОЗП\": \"2\", \"Максимальний об \'єм ОЗП\": \"32 ГБ\", \"Тип оперативної пам\'яті\": \"DDR4\"}, \"Процесор\": {\"Кількість ядер\": \"6 ядер\", \"Виробник процесора\": \"AMD\", \"Модель центрального процесора\": \"Ryzen 5 5600H\", \"Частота центрального процесора\": \"3,3 (4,2) ГГц\"}, \"Відеокарта\": {\"Тип відеокарти\": \"Дискретний\", \"Обсяг відеопам\'яті\": \"4 ГБ\", \"Виробник відеокарти\": \"Nvidia\", \"Тип пам\'яті відеокарти\": \"GDDR6\", \"Модель графічного процесора\": \"GeForce GTX 1650\"}, \"Тип матриці\": \"IPS\", \"Жорсткий диск\": {\"Тип накопичувача\": \"SSD\", \"Об\'єм накопичувача\": \"512 ГБ\"}, \"Покриття екрану\": \"Матове\", \"Діагональ екрану\": \"15,6\", \"Частота оновлення екрану\": \"144 Гц\", \"Роздільна здатність екрану\": \"1920x1080 Full HD\"}', 'Відмінний', 'https://scdn.comfy.ua/89fc351a-22e7-41ee-8321-f8a9356ca351/https://cdn.comfy.ua/media/catalog/product/7/6/765486597_1_.jpg/f_auto', NULL, 'Продаж', NULL, '2023-11-19', 'очікує'),
(14, 'Смартфон OnePlus Nord 8/128GB Gray Onyx', '13999.00', '{\"Камера\": {\"Спалах\": \"Подвійна LED\", \"Стабілізація\": \"Оптична\", \"Основна камера\": \"48+8+5+2 Мп\", \"Фронтальна камера\": \"32+8 Мп\", \"Роздільна здатність відео\": \"3840 x 2160 4K UHD\"}, \"Зв\'язок\": {\"Розмір SIM-карти\": \"Nano-SIM\", \"Кількість SIM-карт\": \"2 SIM\", \"Стандарти зв\'язку\": \"5G\"}, \"Пам\'ять\": {\"Вбудована пам\'ять\": \"128 ГБ\", \"Оперативна пам\'ять\": \"8 ГБ\"}, \"Тип екрану\": \"Fluid Amoled\", \"Діагональ дисплея\": \"6,44\", \"Частота оновлення екрану\": \"90 Гц\", \"Технологія захисного скла\": \"Corning Gorilla Glass 5\", \"Роздільна здатність екрану\": \"2400х1080 Full HD+\"}', 'Поганий', 'https://scdn.comfy.ua/89fc351a-22e7-41ee-8321-f8a9356ca351/https://cdn.comfy.ua/media/catalog/product/o/n/oneplus_nord_gray_onyx.jpg/f_auto', NULL, 'Продаж', NULL, '2023-11-19', 'очікує'),
(15, 'Наручний годинник EPOS 3501.142.34.95.44', '65500.00', '{\"Скло\": \"сапфірове\", \"Бренд\": \"Epos\", \"Стать\": \"чоловічі\", \"Версія\": \"Класика\", \"Модель\": \"3501.142.34.95.44\", \"Гарантія\": \"24 Mіc.\", \"Колекція\": \"Passion\", \"Матеріал\": \"нержавіюча сталь\", \"Формат часу\": \"12 часовий\"}', 'Хороший', 'https://fs4.deka.ua/photo/goods/popup/323/391074/391074_20210624_1200_1200_3501.142.34.95.44_1.jpg', NULL, 'Аукціон', 14, '2024-01-10', 'очікує'),
(16, 'Наручний годинник Casio G-Shock GM-2100-1AER OAK 200m Diver Оригінал', '85740.00', '{\"Тип\": \"Спортивний годинник\", \"Скло\": \"Мінеральне\", \"Форма\": \"Кругла\", \"Виробник\": \"Casio\", \"Циферблат\": \"Стрілочний+цифровий\", \"Формат часу\": \"12/24 години\", \"Протиударні\": true, \"Тип механізму\": \"Кварцовий\", \"Точність ходу\": 15, \"Країна виробник\": \"Японія\", \"Джерело живлення\": \"Батарейка\", \"Гарантійний термін\": \"12 міс\", \"Клас вологозахисту\": \"WR 200 м (20 атм)\"}', 'Задовільний', 'https://images.prom.ua/3385432998_w640_h640_naruchnye-chasy-casio.jpg', NULL, 'Аукціон', 7, '2024-03-12', 'очікує'),
(17, 'Чоловічий годинник ROYAL LONDON 41385-05', '5660.00', '{\"Скло\": \"Мінеральне скло\", \"Механізм\": \"Кварцовий\", \"Водозахист\": \"50 м - Душ, ванна\", \"Тип браслету\": \"Шкіряний ремінець\", \"Матеріал корпусу\": \"Нержавіюча сталь\", \"Ширина корпусу в мм\": 43}', 'Відмінний', 'https://watch.ua/images/detailed/69/41385-05.jpg', 'Стиль годинника: Класика; Виробник: Royal London; Гарантія: Офіційна гарантія 2 роки; Тип: Чоловічі; Механізм: Кварцовий; Скло: Мінеральне скло; Водозахист: 50 м - Душ, ванна; Ширина корпусу в мм: 43; Ремінець/Браслет: Шкіряний ремінець; Функції: Хронограф', 'Продаж', NULL, '2023-11-19', 'очікує'),
(18, 'Годинник Royal London 21402-05', '50600.00', '{\"Скло\": \"Мінеральне\", \"Висота\": \"32.00 мм\", \"Корпус\": \"Сталь + PVD\", \"Ширина\": \"32.00 мм\", \"Товщина\": \"8.00 мм\", \"Механізм\": \"Кварцовий\", \"Ремінець\": \"Шкіряний\", \"Водонепроникність\": \"50 м\", \"Стать моделі годинника\": \"Жіночий\"}', 'Поганий', 'https://www.watch4you.com.ua/public/files/product/large/3/royal_london_21402_05_71916.jpg', NULL, 'Аукціон', 1, '2024-03-25', 'очікує'),
(19, 'Чоловічий годинник HUGO BOSS VELOCITY 1513717', '45000.00', '{\"Тип\": \"Аналоговий\", \"Стать\": \"Чоловічий\", \"Модель\": \"HUGO BOSS 1513717\", \"Функції\": [\"Секундомір\", \"Хронограф\", \"Люмінесцентне покриття\"], \"Тип скла\": \"Мінеральне\", \"Виробник\": \"Hugo Boss\", \"Гарантія\": \"24 місяці\", \"Механізм\": \"Кварцовий\", \"Колір ремінця\": \"Темно-синій\", \"Колір циферблата\": \"Чорний\", \"Матеріал ремінця\": \"Пластик\", \"Форма циферблата\": \"Кругла\", \"Ширина корпусу, мм\": 45}', 'Відмінний', 'https://clocker.com.ua/image/cache/catalog/clocks/godinnik-hugo-boss-1513717-800x800.jpg', 'Hugo Boss 1513717 із серії Velocity може стати ідеальною пропозицією для чоловіка, який шукає фірмове доповнення до свого повсякденного стилю. Сріблястий сталевий корпус з\'єднаний з темно-синім кільцем з пластику. Ця модель також має зручний темно-синій гумовий ремінець із логотипом виробника. Годинник оснащений хронографом і великим дисплеєм дати, який показує день місяця і час у 24-годинному форматі. Повсякденний стиль і висока функціональність напевно сподобаються чоловікам, які щодня шукають стильний годинник. Модель Hugo Boss 1513717 походить із серії Black , у набір входить елегантна чорна упаковка, яка ідеально підійде для подарунка .', 'Аукціон', 3, '2024-03-12', 'очікує'),
(20, 'Годинник EMPORIO ARMANI AR2460', '18000.00', '{\"Бренд\": \"Emporio Armani\", \"Стать\": \"чоловічі\", \"Версія\": \"Fashion\", \"Модель\": \"AR2460\", \"Гарантія\": \"24 Mіc.\", \"Колекція\": \"RENATO\", \"Формат часу\": \"12 часовий\", \"Колір корпусу\": \"сріблястий\", \"Матеріал корпусу\": \"нержавіюча сталь\"}', 'Хороший', 'https://fs1.secunda.com.ua/photo/goods/popup/388/480561/480561_20221221_505_800_AR2460.jpg', NULL, 'Продаж', NULL, '2023-11-19', 'в обробці'),
(21, 'Антикварна друкарська машинка \"Андервуд\" початку ХХ століття', '52800.00', '{\"Вага\": \"10,5 кг\", \"Період\": \"початок ХХ століття\", \"Розміри\": {\"висота\": \"24 см\", \"ширина\": \"39 см\", \"довжина\": \"31 см\"}}', 'Хороший', 'https://fama.ua/uploads/catalog/product/picture/117438/superbig_product.webp', 'Андервуд - прізвище американської сім\'ї, яка наприкінці XIX століття почала виробництво однойменних друкарських машинок. Сімейна фабрика набула великої популярності, ставши корпорацією через кілька десятків років. В асортименті компанії - безліч моделей машинок для різних цілей. Наприкінці ХХ століття виробництво було призупинено, а машинки стали антикварними екземплярами.\r\nПредставлена ​​в інтернет-магазині Fama друкарська машинка виготовлена ​​на початку ХХ століття. Вона є п\'ятою та найціннішою для колекціонерів моделлю. У дизайні простежуються особливості стилю арт-нуво (модерн).\r\nЯкщо ви хочете порадувати близьку людину або керівника статусним подарунком, друкарська машинка стане чудовим варіантом. Купити виріб можна людині, яка має справу з написанням текстів, або колекціонеру антикваріату.', 'Аукціон', 0, '2024-02-29', 'очікує'),
(22, 'Камінні бронзові статуетки орли з Англії бронзовий орел старина антикваріат бронза орел', '43500.00', NULL, 'Задовільний', 'https://images.prom.ua/1202046898_w640_h640_kaminnye-statuetki-bronzovye.jpg', NULL, 'Аукціон', 1, '2024-01-31', 'очікує'),
(23, 'Антикварний французький декоративний піднос', '21420.00', NULL, 'Хороший', 'https://fama.ua/uploads/catalog/product/picture/126839/superbig_product.webp', 'Ця чудова таця була створена на стику XIX і XX століть у країні, де точно знаються на витонченій красі, у Франції. Такий розкішний посуд ставлять на центрі столу, насамперед під час банкетів та святкових вечорів. така таця не просто служить майданчиком для різноманітного посуду, вона покликана прикрашати собою інтер\'єр кімнати, де відбувається застілля як головна страва, вмістилище цукерок або ваза для букета.\r\nАнтикварна французька декоративна таця прикрашена так званими фігурками путті, які тримають ланцюг на своїх плечах. Путті - це традиційні зображення хлопчиків, більш відомих як купідони. Такі фігурки часто супроводжують різні витвори мистецтва, створені у західноєвропейському стилі. Ця чудова таця послужить вам гарним подарунком як для себе, так і для ваших близьких, який ви можете купити в онлайн-магазині Fama.', 'Аукціон', 0, '2024-02-14', 'очікує'),
(24, 'Антикварні шахи з бронзи і бурштину', '62400.00', NULL, 'Задовільний', 'https://images.prom.ua/2789516297_w640_h640_antikvarnye-yantarnye-shahmaty.jpg', 'Шахова дошка з мармуру та оніксу 50*50см. Шахові фігури виконані з бурштину та бронзи. Висота фігури король-11см пішака-6см.', 'Аукціон', 1, '2024-02-10', 'очікує'),
(25, 'Старовинний великий бронзовий бюст', '73100.00', NULL, 'Поганий', 'https://images.prom.ua/1207752817_w640_h640_starinnyj-bolshoj-bronzovyj.jpg', NULL, 'Продаж', NULL, '2023-11-19', 'очікує'),
(26, 'Срібний набір каблучка та сережки Elsa', '3910.00', '{\"Вага\": \"28 - 29 г\", \"Камені\": \"Фіаніти\", \"Виробник\": \"Україна\", \"Матеріал\": \"Срібло 925 проби\"}', 'Задовільний', 'https://serebrin.co.ua/image/cache/catalog/foto/2258/photo_2020-11-11_08-51-36-460x600.jpg', NULL, 'Продаж', NULL, '2023-11-19', 'в обробці'),
(27, 'Комплект прикрас з срібла Орнамент ', '5488.00', NULL, 'Хороший', 'https://images.prom.ua/2340336359_w640_h640_2340336359.jpg', 'Комплект срібних прикрас ЛК-0116 та ЛК-0117 складається з сережок та широкого кільця, які прикрашені дрібними різнокольоровими фіанітами, викладеними блискучою \"галочкою\" у формі традиційного орнаменту. Закріплення маленького каміння виконано за спеціальною технологією, тому ви можете бути впевнені в її надійності. У вас є можливість замовити розмір обручки від 16 до 20. Сережки з англійським замком будуть надійно триматися на вашому вушці прикрашаючи його та доповнюючи набір. Даний набір срібних прикрас покритий родієм, що дозволяє захищати срібло від потемніння.', 'Продаж', NULL, '2023-11-19', 'куплено'),
(28, 'Сережки зі срібла з фіанітом чорного кольору', '2049.00', '{\"Вид\": \"Класичні\", \"Метал\": \"Срібло 925\", \"Вставка\": \"Фіаніт\", \"Виробник\": \"ПЗ \'Срібло України\'\", \"Покриття\": \"Родоване\", \"Колір вставки\": \"Чорний\", \"Розмір виробу\": {\"Висота сережки\": \"15 мм\", \"ширина сережки\": \"10 мм\"}, \"Середня вага,г\": 4.1, \"Характеристики вставки\": {\"фіаніт білий\": \"32 шт. d 1 мм\", \"Фіаніт чорного кольору кушон\": \"2 шт. 7*7 мм\"}}', 'Поганий', 'https://serebro.ua/content/images/29/1000x1000l80br0/productssergi-iz-serebra-s-fianitom-chernogo-tsveta-pds05tsch-pds05tsch-47963215659062.webp', NULL, 'Продаж', NULL, '2023-11-19', 'очікує'),
(29, 'Підвіска Місячне Сяйво', '2070.00', '{\"вага\": \"3.25г\", \"стиль\": \"Романтичний\", \"вставка\": \"Цирконій\", \"для кого\": [\"Дитячі\", \"Жіночі\"], \"покриття\": \"Родій\", \"колір вставки\": \"Фіолетовий\"}', 'Відмінний', 'https://minimal.com.ua/wp-content/uploads/2020/10/61123r-purple-4-800x800.jpg', NULL, 'Продаж', NULL, '2023-11-19', 'очікує'),
(30, 'Срібний набір сережки і каблучка \"Emotion\"', '3928.00', '{\"Вага\": \"7.32 г.\", \"Метал\": [\"Золото\", \"Срібло\"], \"Проба\": [\"375°\", \"925°\"], \"Для кого\": \"Жіночі\", \"Покриття\": \"Чорніння\", \"Тип вставки\": \"Фіаніт\"}', 'Задовільний', 'https://vos-jewelry.com.ua/content/images/29/1800x1800l80nn0/serebryanyy_nabor_sergi_i_koltso_emotsiya-48422485421979.webp\r\n', NULL, 'Продаж', NULL, '2023-11-19', 'очікує'),
(31, 'Телевізор LG 50UQ91006LA\r\n', '23199.00', '{\"VESA\": \"200x200 мм\", \"ТБ-тюнер\": [\"Супутниковий\", \"Цифровий Т2\"], \"Платформа\": \"WebOS\", \"Підсвітка\": \"Direct LED\", \"Частота WiFi\": [\"2.4 ГГц\", \"5 ГГц\"], \"Назначення\": [\"На кухню\", \"У спальню\"], \"Технології\": \"HDR\", \"Колір рамки\": \"Чорний\", \"Рік випуску\": \"2022\", \"Версія Bluetooth\": \"5.0\", \"Аудіосистема\": \"2.0ch\", \"Підтримка Smart TV\": \"з Smart TV\", \"Країна-виробник\": \"Польща\", \"Покриття екрану\": \"Проти відблиску\", \"Діагональ екрану\": \"50\", \"Способи управління\": [\"Air Play 2\", \"Голосовий пошук\"], \"Комплект постачання\": [\"Пульт дистанційного керування - Magic Remote NFC (MR22GN)\", \"Батарейки\", \"Кабель живлення\", \"Інструкція\"], \"Процесор зображення\": \"α5 Gen5 AI Processor 4K\", \"Роздільна здатність\": \"3840x2160\", \"Особливі властивості\": \"LCD телевізор (LED)\", \"Бездротові можливості\": [\"Bluetooth\", \"WI-Fi\"], \"Країна реєстрації бренду\": \"Республіка Корея (Південна Корея)\", \"Частота розгортки панелі\": \"60 Гц\", \"Додаткові характеристики\": [\"Автоматичний вибір режиму - Ні\", \"Dolby Vision / Dolby Vision IQ - Ні\", \"HDR10 Pro - Так\", \"HLG - Так\", \"FILMMAKER MODE - Так\", \"Сумісність FreeSync - Ні\", \"Режим \'Оптимізація Ігри\' (VRR/ALLM/Game Genre) - Ні / Так / Так\", \"Режим HGIG - Так\"], \"Діапазони цифрового тюнера\": [\"DVB-C\", \"DVB-S2\", \"DVB-T2\"], \"Вихідна потужність звуку, Вт\": \"20\"}', 'Зламано', 'https://content1.rozetka.com.ua/goods/images/big/314481953.jpg\r\n', NULL, 'Продаж', NULL, '2023-11-19', 'очікує'),
(32, 'Ноутбук Samsung Galaxy Book Go (NP340XLA-KA2US)\r\n', '12765.00', '{\"Бренд\": \"Samsung\", \"Колір\": \"Сріблястий\", \"Порти\": \"2xUSB Type-C, 1xUSB 2.0\", \"Пам\'ять\": \"4 ГБ\", \"Батарея\": \"Li-Ion (2cell, 5480мА год)\", \"Вага, кг\": 1.38, \"Дисплей\": \"14” (1920x1080) Full HD\", \"Розміри\": \"323.8x224.8x15 мм\", \"Web-камера\": \"вебкамера HD 720p\", \"Процесор\": \"Qualcomm Snapdragon 7c Gen 2 (2.5ГГц)\", \"Кардрідер\": \"microSD\", \"Відеокарта\": \"Qualcomm Adreno\", \"Жорсткий диск\": \"64 ГБ eMMC\", \"Операційна система\": \"Windows 10 Home\", \"Бездротові з’єднання\": \"Bluetooth 5.1, WiFi 802.11ac\"}', 'Хороший', 'https://dkt.ua/content/images/44/1000x1000l80mc0/14968324883664.webp\r\n', 'Qualcomm Snapdragon 7c Gen 2 (2.5ГГц), Windows 10 Home, 4 ГБ / 64 ГБ eMMC, 14” (1920x1080) Full HD, Qualcomm Adreno, Bluetooth 5.1, WiFi 802.11ac, microSD, 2xUSB Type-C, 1xUSB 2.0, вебкамера HD 720p, колір сріблястий\r\n', 'Продаж', NULL, '2023-11-19', 'очікує'),
(33, 'Ноутбук Lenovo IdeaPad 3 15IGL05 (81WQ0030RA) Business Black\r\n', '14999.00', '{\"Объем ОЗУ\": \"8 ГБ\", \"Тип матрицы\": \"TN\", \"Тип видеокарты\": \"Интегрированный\", \"Тип накопителя\": \"SSD\", \"Количество ядер\": \"2 ядра\", \"Покрытие экрана\": \"Антибликовое\", \"Диагональ экрана\": \"15,6\'\", \"Объем накопителя\": \"256 ГБ\", \"Объем видеопамяти\": \"Использует ОЗУ\", \"Разрешение экрана\": \"1366x768 HD\", \"Количество слотов ОЗУ\": \"1\", \"Максимальный объем ОЗУ\": \"24 ГБ\", \"Тип оперативной памяти\": \"DDR4\", \"Производитель видеокарты\": \"Intel\", \"Производитель процессора\": \"Intel\", \"Частота обновления экрана\": \"60 Гц\", \"Частота оперативной памяти\": \"2400 МГц\", \"Модель графического процессора\": \"UHD Graphics 600\", \"Модель центрального процессора\": \"Celeron N4020\", \"Частота центрального процессора\": \"1,1 (2,8) ГГц\"}', 'Хороший', 'https://scdn.comfy.ua/89fc351a-22e7-41ee-8321-f8a9356ca351/https://cdn.comfy.ua/media/catalog/product/8/1/81wq0030ra_1_.jpg/f_auto\r\n', NULL, 'Продаж', NULL, '2023-11-19', 'очікує'),
(34, 'Ноутбук APPLE MACBOOK PRO 13,3\" SPACE GREY MR9R2 (2018)\r\n', '52130.00', '{\"Батарея\": \"Літій-полімерна 58 Вт-ч\", \"Датчики\": \"Датчик відбитків пальців Touch ID sensor\", \"Частота\": \"2300 МГц (прискорення Turbo Boost до 3800 МГц)\", \"Процесор\": \"Intel Core i5\", \"Тип матриці\": \"IPS LCD\", \"Жорсткий диск\": \"512 GB\", \"Розмір екрану\": \"13,3 дюйм\", \"Кількість ядер\": 4, \"Оперативна пам\'ять\": \"8000 МБ\", \"Графічний процесор\": \"Intel Iris Plus Graphics 655\", \"Слот для карти пам\'яті\": \"Немає\", \"Роздільна здатність екрану\": \"2560х1600 (Retina)\"}', 'Зламано', 'https://sota.kh.ua/image/cache/data/Apple/2018-macbook-pro-13-tb-2018-grey-01-700x700.webp\r\n', NULL, 'Продаж', NULL, '2023-11-19', 'очікує'),
(35, 'Ноутбук Apple MacBook Pro 13\" 128GB Retina, Early 2015\r\n', '19595.00', '{\"Процесор\": \"Intel Core i5\", \"Відеокарта\": \"Intel Iris Graphics 6100\", \"Тип відеокарти\": \"Інтегрована\", \"Діагональ екрану\": \"13\", \"Тип накопичувача\": \"SSD\", \"Вбудована пам\'ять\": \"128 ГБ\", \"Оперативна пам\'ять\": \"8 ГБ\", \"Підсвічування екрану\": \"LED\", \"Роздільна здатність екрану\": \"2560 х 1600\"}', 'Хороший', 'https://cdn.tehnoezh.ua/0/0/0/0/0/3/8/6/1/000003861_545_545.webp\r\n', NULL, 'Продаж', NULL, '2023-11-19', 'очікує'),
(37, 'Золоті сережки у комбінованому кольорі з алмазною гранню\r\n', '12508.00', '{\"Метал\": \"Золото\", \"Дизайн\": \"З великим каменем / З одним каменем / Квадрат\", \"Висота (мм)\": 15.41, \"Ширина (мм)\": 6.81, \"Колір металу\": \"Червоний\", \"Тип застібки\": \"Англійська\", \"Основна вставка\": \"Кварц\", \"Колір основної вставки\": \"Зелений\"}', 'Хороший', 'https://img.zlato.ua/upload/resize_cache/iblock/c3c/700_700_1/zolotye_sergi_karmelita_v_kombinirovannom_tsvete_s_almaznoy_granyu_000106348.jpg\r\n', NULL, 'Продаж', NULL, '2023-11-19', 'очікує'),
(38, 'Золоті сережки з смарагдами\r\n', '20766.00', '{\"Метал\": \"Золото 585\", \"Вставка\": {\"Тип\": \"Смарагд\", \"Колір\": \"зелений\", \"Форма\": \"маркіз\", \"Кількість\": 6, \"Вага, карат\": 0.696}, \"Вага, грам\": 3.09, \"Колір металу\": \"Жовтий\"}', 'Хороший', 'https://cdn.gold.ua/ua/prodphotos/5A/1550938_1_ix_1000.jpg\r\n', NULL, 'Продаж', NULL, '2023-11-19', 'очікує'),
(40, 'Золота обручка', '23066.00', NULL, 'Відмінний', 'https://xn----mtbechcrdba9adf6a.com/image/cache/catalog/data/uploadiblocka89fbv3_sf9_p0319_00-1000x1000.jpg\r\n', 'Золота обручка - корона. Ширина кільця 10 мм. Виготовлено із золота 585 проби. Вставка циркони.\r\n', 'Продаж', NULL, '2023-11-19', 'очікує');

-- --------------------------------------------------------

--
-- Структура таблиці `laptop_prices`
--

CREATE TABLE `laptop_prices` (
  `id` int NOT NULL,
  `name` varchar(200) CHARACTER SET utf8mb4 COLLATE utf8mb4_0900_ai_ci NOT NULL,
  `price` decimal(10,2) NOT NULL,
  `type` varchar(150) NOT NULL
) ENGINE=InnoDB DEFAULT CHARSET=utf8mb4 COLLATE=utf8mb4_0900_ai_ci;

--
-- Дамп даних таблиці `laptop_prices`
--

INSERT INTO `laptop_prices` (`id`, `name`, `price`, `type`) VALUES
(1, 'INTEL CORE I3 10100', '3481.00', 'Процесор'),
(2, 'INTEL CORE I3 12100', '5137.00', 'Процесор'),
(3, 'AMD RYZEN 5 3400G', '5000.00', 'Процесор'),
(4, 'AMD RYZEN 5 5650GE PRO', '7879.00', 'Процесор'),
(5, 'AMD RYZEN 5 5600X', '8410.00', 'Процесор'),
(6, 'INTEL CORE I5 12600', '8833.00', 'Процесор'),
(7, 'AMD RYZEN 7 5750G PRO', '9790.00', 'Процесор'),
(8, 'AMD RYZEN 7 5800X', '11450.00', 'Процесор'),
(9, 'AMD RYZEN 9 5900X', '15794.00', 'Процесор'),
(10, 'INTEL CORE I9 12900KF', '21890.00', 'Процесор'),
(11, 'SoDIMM (для ноутбука) DDR4 4GB 2666 MHz eXceleram (E404269S)', '683.00', 'Оперативна пам\'ять'),
(12, 'DDR4 4GB 2400 MHz eXceleram (E40424A)', '728.00', 'Оперативна пам\'ять'),
(13, 'DDR3 4GB 1866 MHz LoFury Black HyperX (Kingston Fury) (HX318LC11FB/4)', '801.00', 'Оперативна пам\'ять'),
(14, 'DDR4 8GB 2400 MHz Black Kudos eXceleram (EKBLACK4082414A)', '1295.00', 'Оперативна пам\'ять'),
(15, 'SoDIMM (для ноутбука) DDR3 8GB 1600 MHz Vengeance Black Corsair (CMSX8GX3M1A1600C10) ', '1380.00', 'Оперативна пам\'ять'),
(16, 'DDR4 8GB 3000 MHz HyperX Predator RGB HyperX (Kingston Fury) (HX430C15PB3A/8)', '1509.00', 'Оперативна пам\'ять'),
(17, 'SoDIMM (для ноутбука) DDR4 8GB 3000 MHz NOX Series Apacer (EV.08G2Z.GGE)', '1549.00', 'Оперативна пам\'ять'),
(18, 'DDR4 8GB 4000 MHz Iridium Pro Black Goodram (IRP-4000D4V64L18S/8G)', '1778.00', 'Оперативна пам\'ять'),
(19, 'DDR4 16GB (2X8GB) 3200 MHz IRDM X Black Goodram (IR-X3200D464L16SA/16GDC)', '2245.00', 'Оперативна пам\'ять'),
(20, 'DDR4 16GB 3600 MHz Red Kudos eXceleram (EKRED4163618C)', '2483.00', 'Оперативна пам\'ять'),
(21, 'DDR4 16GB 3866 MHz Black Kudos PRO eXceleram (EKPRO4163818C)', '2804.00', 'Оперативна пам\'ять'),
(22, 'DDR4 16GB 3600 MHz Ballistix White RGB Micron (BL16G36C16U4WL)', '3072.00', 'Оперативна пам\'ять'),
(23, 'DDR4 16GB (2x8GB) 4000 MHz G. Skill Ripjaws V Black (F4-4000C18D-16GVK)', '3300.00', 'Оперативна пам\'ять'),
(24, 'DDR4 16GB (2x8GB) 4400 MHz Viper Stee Patriot (PVS416G440C9K)', '4205.00', 'Оперативна пам\'ять'),
(25, 'DDR4 32GB 3000 MHz HyperX Fury Black HyperX (Kingston Fury) (HX430C16FB3/32)', '4999.00', 'Оперативна пам\'ять'),
(26, '480GB Goodram (SSDPR-CL100-480-G3)', '1299.00', 'SSD'),
(27, '512GB AS350X Apacer (AP512GAS350XR-1)', '1459.00', 'SSD'),
(28, '480GB Kingston (SA400S37/480G)', '1480.00', 'SSD'),
(29, '1TB WD (WDS100T3G0A)', '3136.00', 'SSD'),
(30, '1TB Micron (CT1000MX500SSD1)', '3409.00', 'SSD'),
(31, 'M.2 2280 1TB Netac (NT01NV3000-500-E4X)', '3192.00', 'SSD'),
(32, 'M.2 2280 1TB Transcend (TS1TMTE220S)', '3809.00', 'SSD'),
(33, 'M.2 2280 1TB Micron (CT500P5PSSD8)', '4619.00', 'SSD'),
(34, 'M.2 2280 1TB SPATIUM M480 Play MSI (S78-440L680-P83)', '7399.00', 'SSD'),
(35, 'M.2 2280 1TB SN850X WD (WDS100T2X0E)', '7542.00', 'SSD'),
(36, 'USB 3.2 250GB P500 HP (7PD51AA#ABB)', '1380.00', 'SSD'),
(37, 'USB 3.1 240 GB Transcend (TS120GESD240C)', '1509.00', 'SSD'),
(38, 'USB 3.1 500GB Transcend (TS500GESD370C)', '3029.00', 'SSD'),
(39, 'USB 3.2 1TB Apacer (AP1TBAS722B-1)', '4035.00', 'SSD'),
(40, 'USB 3.2 2TB WD (WDBAGF0020BGY-WESN)', '11454.00', 'SSD'),
(41, 'GIGABYTE Radeon RX 6400 4Gb EAGLE', '7399.00', 'Відеокарта'),
(42, 'ASUS Radeon RX 6500 XT 4Gb DUAL OC', '8999.00', 'Відеокарта'),
(43, 'GIGABYTE GeForce GTX1660 SUPER 6144Mb', '11111.00', 'Відеокарта'),
(44, 'ASUS Radeon RX 6600 8Gb DUAL', '13999.00', 'Відеокарта'),
(45, 'GIGABYTE GeForce RTX3050 8Gb GAMING OC', '14555.00', 'Відеокарта'),
(46, 'MSI GeForce RTX3060 12Gb VENTUS 3X OC LHR', '17999.00', 'Відеокарта'),
(47, 'AMD Radeon PowerColor RX 6700 XT 12Gb Red Devil', '20000.00', 'Відеокарта'),
(48, 'GIGABYTE Radeon RX 6750 XT 12Gb GAMING OC', '23333.00', 'Відеокарта'),
(49, 'ASUS GeForce RTX3060Ti 8Gb TUF OC GAMING V2 LHR', '23333.00', 'Відеокарта'),
(50, 'MSI GeForce RTX3070 8Gb VENTUS 2X OC LHR', '25333.00', 'Відеокарта'),
(51, 'GIGABYTE Radeon RX 6800 XT 16Gb AORUS MASTER', '38000.00', 'Відеокарта'),
(52, 'MSI GeForce RTX3080 12Gb VENTUS 3X PLUS OC LHR', '43000.00', 'Відеокарта'),
(53, 'ASUS Radeon RX 6900 XT 16Gb ROG STRIX LC OC GAMING', '59000.00', 'Відеокарта'),
(54, 'Asus Radeon RX 6950 XT ROG Strix LC OC', '65000.00', 'Відеокарта'),
(55, 'Gigabyte GeForce RTX 3090 Ti AORUS XTREME WATERFORCE', '100000.00', 'Відеокарта'),
(56, 'Екран Full HD', '3481.00', 'Роздільна здатність'),
(57, 'Екран 4K', '5137.00', 'Роздільна здатність'),
(58, 'Сенсорний екран', '20000.00', 'Додаткова можливість'),
(59, 'Екран 11 дюймів', '1200.00', 'Екран'),
(60, 'Екран 12 дюймів', '1280.00', 'Екран'),
(61, 'Екран 13 дюймів', '1380.00', 'Екран'),
(62, 'Екран 14 дюймів', '1426.00', 'Екран'),
(63, 'Екран 15 дюймів', '1499.00', 'Екран'),
(64, 'Екран 16 дюймів', '1586.00', 'Екран'),
(65, 'Екран 17 дюймів', '1699.00', 'Екран'),
(66, 'Екран 18 дюймів', '1700.00', 'Екран'),
(67, 'Екран 19 дюймів', '1888.00', 'Екран'),
(68, 'Підсвітка клавіатури', '300.00', 'Додаткова можливість'),
(69, 'Відбиток пальця', '350.00', 'Додаткова можливість'),
(70, 'Оригінальний дизайн корпусу', '1000.00', 'Додаткова можливість'),
(71, 'Acer', '2500.00', 'Виробник'),
(72, 'Asus', '2500.00', 'Виробник'),
(73, 'Toshiba', '1900.00', 'Виробник'),
(74, 'Sony', '2900.00', 'Виробник'),
(75, 'HP', '2750.00', 'Виробник'),
(76, 'Samsung', '2660.00', 'Виробник'),
(77, 'Dell', '2500.00', 'Виробник'),
(78, 'Lenovo', '2350.00', 'Виробник'),
(79, 'Huawei', '2500.00', 'Виробник'),
(80, 'Xiaomi', '2450.00', 'Виробник'),
(81, 'Apple', '3000.00', 'Виробник'),
(82, 'Toshiba 1 TB HDWL110UZSVA', '1810.59', 'HDD'),
(83, 'Western Digital WD5000LPLX 500 GB', '1344.15', 'HDD'),
(84, 'Seagate Barracuda 1 TB ST1000LM049', '2240.39', 'HDD'),
(85, 'Toshiba 2 TB HDWL120EZSTA', '3602.44', 'HDD'),
(86, 'HGST 500 GB Travelstar Z7K500.B ', '1344.15', 'HDD'),
(87, 'Seagate IronWolf 2 TB ST2000VN004', '3152.13', 'HDD'),
(88, 'Seagate SkyHawk 2 TB ST2000VX008', '2240.39', 'HDD'),
(89, 'Переносна сумка', '3000.00', 'Аксесуар');

-- --------------------------------------------------------

--
-- Структура таблиці `leaf`
--

CREATE TABLE `leaf` (
  `id` int NOT NULL,
  `name` text NOT NULL,
  `email` text NOT NULL,
  `phone` text NOT NULL,
  `message` mediumtext NOT NULL
) ENGINE=InnoDB DEFAULT CHARSET=utf8mb4 COLLATE=utf8mb4_0900_ai_ci;

--
-- Дамп даних таблиці `leaf`
--

INSERT INTO `leaf` (`id`, `name`, `email`, `phone`, `message`) VALUES
(1, 'Олександр Попик', 'theosenigma@gmail.com', '+380999083960', 'adasdasdasdas'),
(2, 'Олександр', 'theosenigma@gmail.com', '0959023622', ''),
(3, 'Олександр Попик', 'theosenigma@gmail.com', '+380989092373', 'Бла бла бла');

-- --------------------------------------------------------

--
-- Структура таблиці `loan_repayments`
--

CREATE TABLE `loan_repayments` (
  `id` int NOT NULL,
  `subject_id` int NOT NULL,
  `borrower_id` int NOT NULL,
  `amount` decimal(10,2) NOT NULL,
  `date` date NOT NULL,
  `payment_method` enum('Готівка','Банківська карта','Електрона оплата','') CHARACTER SET utf8mb4 COLLATE utf8mb4_0900_ai_ci NOT NULL
) ENGINE=InnoDB DEFAULT CHARSET=utf8mb4 COLLATE=utf8mb4_0900_ai_ci;

--
-- Дамп даних таблиці `loan_repayments`
--

INSERT INTO `loan_repayments` (`id`, `subject_id`, `borrower_id`, `amount`, `date`, `payment_method`) VALUES
(1, 25, 25, '4792.00', '2022-11-15', 'Готівка'),
(2, 25, 25, '4792.00', '2022-12-15', 'Готівка'),
(3, 25, 25, '4792.00', '2022-01-15', 'Банківська карта'),
(4, 25, 25, '4792.00', '2022-02-15', 'Готівка'),
(5, 26, 26, '8156.00', '2022-11-02', 'Електрона оплата'),
(6, 26, 26, '8156.00', '2022-12-02', 'Готівка'),
(7, 26, 26, '8156.00', '2022-01-02', 'Готівка'),
(8, 26, 26, '8156.00', '2022-02-02', 'Електрона оплата'),
(9, 26, 26, '8156.00', '2022-03-02', 'Електрона оплата'),
(10, 27, 27, '3617.00', '2022-12-23', 'Готівка'),
(11, 27, 27, '3617.00', '2022-01-23', 'Готівка'),
(12, 27, 27, '3617.00', '2022-02-23', 'Банківська карта'),
(13, 28, 28, '6240.00', '2023-02-17', 'Банківська карта'),
(14, 1, 1, '5375.00', '2023-03-05', 'Банківська карта'),
(15, 2, 2, '4280.00', '2023-03-06', 'Електрона оплата'),
(16, 3, 3, '10400.00', '2023-03-07', 'Електрона оплата'),
(17, 4, 4, '5150.00', '2023-03-08', 'Готівка'),
(18, 5, 5, '2648.00', '2023-03-09', 'Готівка'),
(19, 6, 6, '6240.00', '2023-03-10', 'Електрона оплата'),
(20, 7, 7, '3833.00', '2023-03-12', 'Електрона оплата'),
(21, 8, 8, '4280.00', '2023-03-13', 'Електрона оплата'),
(22, 9, 9, '5200.00', '2023-03-01', 'Електрона оплата'),
(23, 43, 43, '4320.00', '2023-01-15', 'Електрона оплата'),
(24, 43, 43, '4320.00', '2023-02-15', 'Електрона оплата'),
(25, 45, 45, '3853.00', '2023-02-13', 'Готівка'),
(26, 45, 45, '3853.00', '2023-03-13', 'Готівка'),
(27, 46, 23, '6000.00', '2023-12-14', 'Електрона оплата'),
(28, 46, 23, '3853.00', '2023-01-13', 'Електрона оплата'),
(29, 46, 23, '3853.00', '2023-02-13', 'Електрона оплата'),
(30, 46, 23, '3853.00', '2023-03-13', 'Електрона оплата'),
(31, 50, 44, '4541.00', '2023-12-14', 'Банківська карта'),
(32, 50, 44, '4541.00', '2023-01-14', 'Банківська карта'),
(33, 50, 44, '4541.00', '2023-02-14', 'Банківська карта');

-- --------------------------------------------------------

--
-- Структура таблиці `metal_prices`
--

CREATE TABLE `metal_prices` (
  `sample` int NOT NULL,
  `id` int NOT NULL,
  `type` varchar(255) NOT NULL,
  `rating` int NOT NULL
) ENGINE=InnoDB DEFAULT CHARSET=utf8mb4 COLLATE=utf8mb4_0900_ai_ci;

--
-- Дамп даних таблиці `metal_prices`
--

INSERT INTO `metal_prices` (`sample`, `id`, `type`, `rating`) VALUES
(375, 1, 'Золото ', 808),
(500, 2, 'Золото ', 1077),
(583, 3, 'Золото ', 1385),
(585, 4, 'Золото ', 1390),
(750, 5, 'Золото ', 1782),
(910, 6, 'Золото (коронки) ', 1922),
(900, 7, 'Золото ', 2138),
(916, 8, 'Золото ', 2176),
(950, 9, 'Золото (платина) ', 2257),
(958, 10, 'Золото (злитки) ', 2276),
(600, 11, 'Срібло ', 21),
(875, 12, 'Срібло ', 30),
(916, 13, 'Срібло ', 32),
(925, 14, 'Срібло ', 33);

-- --------------------------------------------------------

--
-- Структура таблиці `monitor_prices`
--

CREATE TABLE `monitor_prices` (
  `id` int NOT NULL,
  `name` varchar(200) CHARACTER SET utf8mb4 COLLATE utf8mb4_0900_ai_ci NOT NULL,
  `price` decimal(10,2) NOT NULL,
  `type` varchar(150) NOT NULL
) ENGINE=InnoDB DEFAULT CHARSET=utf8mb4 COLLATE=utf8mb4_0900_ai_ci;

--
-- Дамп даних таблиці `monitor_prices`
--

INSERT INTO `monitor_prices` (`id`, `name`, `price`, `type`) VALUES
(1, 'Dell Ultrasharp U2719D', '17999.00', 'Модель'),
(2, 'ASUS TUF Gaming VG279QM', '15399.00', 'Модель'),
(3, 'LG 27GL83A-B\r\n', '13499.00', 'Модель'),
(4, 'BenQ EX2780Q\r\n', '16845.00', 'Модель'),
(5, 'Acer Predator X27', '66609.00', 'Модель'),
(6, 'Samsung Odyssey G9', '39999.00', 'Модель'),
(7, 'AOC CQ32G1', '12239.00', 'Модель'),
(8, 'MSI Optix MAG274QRF-QD', '34096.00', 'Модель'),
(9, 'HP Omen X 27', '21724.00', 'Модель'),
(10, 'ViewSonic Elite XG270QG', '23736.00', 'Модель'),
(11, 'Alienware AW3418DW', '28779.00', 'Модель'),
(12, 'Philips Brilliance 499P9H', '40581.00', 'Модель'),
(13, 'Lenovo Legion Y44w-10', '52192.00', 'Модель'),
(14, 'Dell Alienware AW5520QF', '116858.00', 'Модель'),
(15, 'ASUS ROG Swift PG279QZ', '13900.00', 'Модель'),
(16, 'HP Z27', '17329.00', 'Модель'),
(17, 'Acer Nitro XV273K', '35897.00', 'Модель'),
(18, 'LG 38GL950G-B', '67503.00', 'Модель'),
(19, 'ViewSonic XG2405', '6325.00', 'Модель'),
(20, 'BenQ PD2700U', '20005.00', 'Модель'),
(21, 'Dell S3220DGF', '14239.00', 'Модель'),
(22, 'ASUS ProArt PA278QV\r\n', '16199.00', 'Модель'),
(23, 'MSI Optix MPG341CQR', '25490.00', 'Модель'),
(24, 'LG 32UD99-W', '26999.00', 'Модель'),
(25, 'Samsung CHG90', '44520.00', 'Модель'),
(26, 'Acer Predator XB273K', '61011.00', 'Модель'),
(27, 'BenQ ZOWIE XL2540K', '15299.00', 'Модель'),
(28, 'HP EliteDisplay E243p', '5985.00', 'Модель'),
(29, 'ViewSonic VX2458-C-MHD', '7564.00', 'Модель'),
(30, 'ASUS ROG Strix XG279QZ', '22898.00', 'Модель');

-- --------------------------------------------------------

--
-- Структура таблиці `phone_prices`
--

CREATE TABLE `phone_prices` (
  `id` int NOT NULL,
  `name` varchar(200) CHARACTER SET utf8mb4 COLLATE utf8mb4_0900_ai_ci NOT NULL,
  `price` decimal(10,2) NOT NULL,
  `type` varchar(150) NOT NULL
) ENGINE=InnoDB DEFAULT CHARSET=utf8mb4 COLLATE=utf8mb4_0900_ai_ci;

--
-- Дамп даних таблиці `phone_prices`
--

INSERT INTO `phone_prices` (`id`, `name`, `price`, `type`) VALUES
(1, 'Apple iPhone 13', '28690.00', 'Модель'),
(2, 'Samsung Galaxy S21', '23399.00', 'Модель'),
(3, 'Google Pixel 6', '17999.00', 'Модель'),
(4, 'OnePlus 10 Pro', '24799.00', 'Модель'),
(5, 'Xiaomi Mi 12', '21999.00', 'Модель'),
(6, 'Oppo Find X4 Pro', '13999.00', 'Модель'),
(7, 'Huawei P50 Pro', '19999.00', 'Модель'),
(8, 'Sony Xperia 1 III', '29999.00', 'Модель'),
(9, 'LG Wing', '11599.00', 'Модель'),
(10, 'Motorola Edge Plus', '12999.00', 'Модель'),
(11, 'Asus ROG Phone 5', '22999.00', 'Модель'),
(12, 'Vivo X70 Pro+', '13999.00', 'Модель'),
(13, 'Realme GT Neo2', '19600.00', 'Модель'),
(14, 'Poco F3 GT', '15999.00', 'Модель'),
(15, 'ZTE Axon 30 Ultra', '18890.00', 'Модель'),
(16, 'Nokia X20', '13999.00', 'Модель'),
(17, 'Lenovo Legion Phone Duel 2', '14999.00', 'Модель'),
(18, 'Black Shark 4 Pro', '17850.00', 'Модель'),
(19, 'Redmi Note 11 Pro', '13999.00', 'Модель'),
(20, 'Meizu 18', '15299.00', 'Модель'),
(21, 'Infinix Zero X Pro', '9999.00', 'Модель'),
(22, 'Tecno Phantom X', '14990.00', 'Модель'),
(23, 'Ulefone Power Armor 13', '10899.00', 'Модель'),
(24, 'Doogee S96 Pro', '14699.00', 'Модель'),
(25, 'Honor Magic 3 Pro+', '15499.00', 'Модель'),
(26, 'Nubia Red Magic 7S', '19846.00', 'Модель'),
(27, 'Elephone U5', '11599.00', 'Модель'),
(28, 'Oukitel WP15', '9959.00', 'Модель'),
(29, 'Cubot KingKong 5 Pro', '7481.00', 'Модель'),
(30, 'Umidigi Bison GT', '13999.00', 'Модель'),
(31, 'Bluboo R2', '3999.00', 'Модель'),
(32, 'Vernee Apollo', '7500.00', 'Модель'),
(33, 'Uhans K5000', '4100.00', 'Модель'),
(34, 'Homtom S99', '3475.00', 'Модель'),
(35, 'Oukitel K12', '5899.00', 'Модель'),
(36, 'Umidigi F2', '6099.00', 'Модель'),
(37, 'Elephone Soldier', '4913.00', 'Модель'),
(38, 'Leagoo S10', '6988.00', 'Модель'),
(39, 'Xiaomi Redmi Note 10', '8699.00', 'Модель'),
(40, 'Honor 50 Pro+', '20321.00', 'Модель'),
(41, 'ZTE Blade V9', '3399.00', 'Модель'),
(42, 'Oppo Reno5', '10999.00', 'Модель'),
(43, 'Vivo Y51', '7899.00', 'Модель'),
(44, 'Samsung Galaxy A72', '12999.00', 'Модель'),
(45, 'Asus Zenfone 8', '27928.00', 'Модель'),
(46, 'Realme Narzo 30 Pro', '9300.00', 'Модель'),
(47, 'Nokia 8.3 5G', '5899.00', 'Модель'),
(48, 'Sony Xperia 5 II', '6080.00', 'Модель'),
(49, 'LG Velvet', '8857.00', 'Модель'),
(50, 'Motorola Moto G9 Plus', '6999.00', 'Модель'),
(51, 'Захисна плівка', '100.00', 'Захист'),
(52, 'Захисне скло', '200.00', 'Захист'),
(53, 'Чохол накладка (однотонний)', '200.00', 'Захист'),
(54, 'Чохол накладка (зображення)', '300.00', 'Захист'),
(55, 'Чохол книжка', '250.00', 'Захист'),
(56, 'Чохол протиударний', '350.00', 'Захист');

-- --------------------------------------------------------

--
-- Структура таблиці `photo_camera_prices`
--

CREATE TABLE `photo_camera_prices` (
  `id` int NOT NULL,
  `name` varchar(200) CHARACTER SET utf8mb4 COLLATE utf8mb4_0900_ai_ci NOT NULL,
  `price` decimal(10,2) NOT NULL,
  `type` varchar(150) NOT NULL
) ENGINE=InnoDB DEFAULT CHARSET=utf8mb4 COLLATE=utf8mb4_0900_ai_ci;

--
-- Дамп даних таблиці `photo_camera_prices`
--

INSERT INTO `photo_camera_prices` (`id`, `name`, `price`, `type`) VALUES
(1, 'Canon EOS R5', '148499.00', 'Модель'),
(2, 'Sony A7R IV', '110900.00', 'Модель'),
(3, 'Nikon Z7 II', '77930.00', 'Модель'),
(4, 'Fujifilm X-T4', '89999.00', 'Модель'),
(5, 'Sony A6600', '59999.00', 'Модель'),
(6, 'Canon EOS 90D', '42849.00', 'Модель'),
(7, 'Nikon D850', '97877.00', 'Модель'),
(8, 'Sony A7 III', '69999.00', 'Модель'),
(9, 'Fujifilm X-T3', '36999.00', 'Модель'),
(10, 'Olympus OM-D E-M1 Mark III', '56000.00', 'Модель'),
(11, 'Canon EOS R6', '104999.00', 'Модель'),
(12, 'Nikon Z6 II', '68430.00', 'Модель'),
(13, 'Sony A6400', '37999.00', 'Модель'),
(14, 'Panasonic Lumix GH5', '55919.00', 'Модель'),
(15, 'Fujifilm X-S10', '70365.00', 'Модель'),
(16, 'Водонепроникний чохол', '3500.00', 'Захист'),
(17, 'Переносна сумка', '1400.00', 'Аксесуар'),
(18, 'Додаткові кріплення, ремінці і т.д', '1200.00', 'Аксесуар');

-- --------------------------------------------------------

--
-- Структура таблиці `purchase_orders`
--

CREATE TABLE `purchase_orders` (
  `id` int NOT NULL,
  `name_customer` text NOT NULL,
  `email` text NOT NULL,
  `id_product` int NOT NULL
) ENGINE=InnoDB DEFAULT CHARSET=utf8mb4 COLLATE=utf8mb4_0900_ai_ci;

--
-- Дамп даних таблиці `purchase_orders`
--

INSERT INTO `purchase_orders` (`id`, `name_customer`, `email`, `id_product`) VALUES
(8, 'Олександр Попик', 'theosenigma@gmail.com', 5);

-- --------------------------------------------------------

--
-- Структура таблиці `requests_for_evaluation`
--

CREATE TABLE `requests_for_evaluation` (
  `id` int NOT NULL,
  `fullName` text NOT NULL,
  `email` text NOT NULL,
  `nameProduct` text NOT NULL,
  `state` text NOT NULL,
  `path` text NOT NULL,
  `type` text NOT NULL
) ENGINE=InnoDB DEFAULT CHARSET=utf8mb4 COLLATE=utf8mb4_0900_ai_ci;

--
-- Дамп даних таблиці `requests_for_evaluation`
--

INSERT INTO `requests_for_evaluation` (`id`, `fullName`, `email`, `nameProduct`, `state`, `path`, `type`) VALUES
(28, 'Олександр Попик', 'theosenigma@gmail.com', 'test', 'Відмінний', 'uploads\\cb69ac31-ec53-4489-a88a-6cc90315dccf.jpg,uploads\\3c0f979c-9dec-4d70-ad01-46aaacc155e9.png', 'Антикваріат');

-- --------------------------------------------------------

--
-- Структура таблиці `state`
--

CREATE TABLE `state` (
  `id` int NOT NULL,
  `state` varchar(50) NOT NULL,
  `coefficient` float NOT NULL,
  `description` varchar(500) NOT NULL
) ENGINE=InnoDB DEFAULT CHARSET=utf8mb4 COLLATE=utf8mb4_0900_ai_ci;

--
-- Дамп даних таблиці `state`
--

INSERT INTO `state` (`id`, `state`, `coefficient`, `description`) VALUES
(1, 'Відмінний', 1, 'Предмет як новий, без подряпин та інших дрібних пошкоджень'),
(2, 'Хороший', 0.8, 'На предметі присутні незначні сліди експлуатації, подряпини, потертості, сколи '),
(3, 'Задовільний', 0.6, 'На предметі присутні незначні пошкодження і забруднення (забруднення роз\'ємів в телефонах чи ноутбуках, забруднення динаміків, значні забруднення у важко доступних місцях коштовностей)'),
(4, 'Поганий', 0.4, 'На предметі присутні значні пошкодження (розбитий екран телефону, значні окислення на коштовностях)'),
(5, 'Зламано', 0.2, 'Предмет не підлягає використанню');

-- --------------------------------------------------------

--
-- Структура таблиці `tablets_prices`
--

CREATE TABLE `tablets_prices` (
  `id` int NOT NULL,
  `name` varchar(200) CHARACTER SET utf8mb4 COLLATE utf8mb4_0900_ai_ci NOT NULL,
  `price` decimal(10,2) NOT NULL,
  `type` varchar(150) NOT NULL
) ENGINE=InnoDB DEFAULT CHARSET=utf8mb4 COLLATE=utf8mb4_0900_ai_ci;

--
-- Дамп даних таблиці `tablets_prices`
--

INSERT INTO `tablets_prices` (`id`, `name`, `price`, `type`) VALUES
(1, 'Apple iPad (2022)', '22230.00', 'Модель'),
(2, 'Samsung Galaxy Tab S7+', '30999.00', 'Модель'),
(3, 'Microsoft Surface Pro 8', '26099.00', 'Модель'),
(4, 'Amazon Fire HD 10', '4349.00', 'Модель'),
(5, 'Lenovo Tab P11 Pro', '29999.00', 'Модель'),
(6, 'Apple iPad Air (2022)', '21926.00', 'Модель'),
(7, 'Samsung Galaxy Tab S7', '23999.00', 'Модель'),
(8, 'Huawei MatePad Pro', '12999.00', 'Модель'),
(9, 'Microsoft Surface Go 3', '18999.00', 'Модель'),
(10, 'Amazon Fire HD 8 Plus', '4795.00', 'Модель'),
(11, 'Lenovo Yoga Smart Tab', '7999.00', 'Модель'),
(12, 'Google Pixel Slate', '19299.00', 'Модель'),
(13, 'Samsung Galaxy Tab A7 Lite', '6999.00', 'Модель'),
(14, 'Apple iPad mini (2022)', '18899.00', 'Модель'),
(15, 'Lenovo Tab M10 FHD Plus (2nd Gen)', '7999.00', 'Модель'),
(16, 'Huawei MatePad 11', '15250.00', 'Модель'),
(17, 'Samsung Galaxy Tab A8 (2021)', '10799.00', 'Модель'),
(18, 'Amazon Fire HD 10 Plus', '8790.00', 'Модель'),
(19, 'Microsoft Surface Duo 2', '18799.00', 'Модель'),
(20, 'Lenovo Chromebook Duet', '13758.00', 'Модель'),
(21, 'Asus ZenPad 3S 10', '8999.00', 'Модель'),
(22, 'Samsung Galaxy Tab Active3', '19599.00', 'Модель'),
(23, 'Apple iPad Pro 11-inch (2021)', '32499.00', 'Модель'),
(24, 'Xiaomi Mi Pad 5', '14999.00', 'Модель'),
(25, 'LG G Pad 5 10.1', '5300.00', 'Модель'),
(26, 'Захисна плівка', '130.00', 'Захист'),
(27, 'Захисне скло', '230.00', 'Захист'),
(28, 'Чохол накладка (однотонний)', '240.00', 'Захист'),
(29, 'Чохол накладка (зображення)', '340.00', 'Захист'),
(30, 'Чохол книжка', '310.00', 'Захист'),
(31, 'Чохол сумка', '380.00', 'Захист'),
(32, 'Чохол водонепроникний', '420.00', 'Захист'),
(33, 'Чохол з додатковими можливостями (клавіатура, акумулятор,  функція автоматичного прокидання і т.д)', '500.00', 'Захист'),
(34, 'Чохол з якісного/екзотичного матеріалу (шкіра, дерево, метал)', '560.00', 'Захист');

-- --------------------------------------------------------

--
-- Структура таблиці `tv_prices`
--

CREATE TABLE `tv_prices` (
  `id` int NOT NULL,
  `name` varchar(200) CHARACTER SET utf8mb4 COLLATE utf8mb4_0900_ai_ci NOT NULL,
  `price` decimal(10,2) NOT NULL,
  `type` varchar(150) NOT NULL
) ENGINE=InnoDB DEFAULT CHARSET=utf8mb4 COLLATE=utf8mb4_0900_ai_ci;

--
-- Дамп даних таблиці `tv_prices`
--

INSERT INTO `tv_prices` (`id`, `name`, `price`, `type`) VALUES
(1, 'Samsung QN90A Neo QLED', '74999.00', 'Модель'),
(2, 'LG C1 OLED', '42999.00', 'Модель'),
(3, 'Sony Bravia A90J OLED', '159999.00', 'Модель'),
(4, 'TCL 6-Series Roku TV', '45719.00', 'Модель'),
(5, 'Vizio P-Series Quantum X', '72897.00', 'Модель'),
(6, 'LG GX Gallery Series OLED', '145987.00', 'Модель'),
(7, 'Samsung QN95A Neo QLED', '68078.00', 'Модель'),
(8, 'Sony X95J 4K HDR LED', '179999.00', 'Модель'),
(9, 'LG G1 OLED', '62605.00', 'Модель'),
(10, 'Sony A80J OLED', '40150.00', 'Модель'),
(11, 'Hisense U8G Android TV', '22899.00', 'Модель'),
(12, 'Philips OLED+935', '234400.00', 'Модель'),
(13, 'Samsung Q80A QLED', '41999.00', 'Модель'),
(14, 'LG Nano90 Series 4K TV', '52310.00', 'Модель'),
(15, 'Sony X90J 4K HDR LED', '56999.00', 'Модель'),
(16, 'TCL 5-Series Roku TV', '16539.00', 'Модель'),
(17, 'Vizio M-Series Quantum', '18160.00', 'Модель'),
(18, 'Samsung The Frame (2021)', '16999.00', 'Модель'),
(19, 'LG CX OLED', '44599.00', 'Модель'),
(20, 'Sony X900H 4K HDR LED', '64388.00', 'Модель');

-- --------------------------------------------------------

--
-- Структура таблиці `users`
--

CREATE TABLE `users` (
  `id` int NOT NULL,
  `name` text NOT NULL,
  `email` text NOT NULL,
  `password` text NOT NULL,
  `isActivated` tinyint(1) NOT NULL DEFAULT '0',
  `activationLink` text NOT NULL,
  `refresh_token` text CHARACTER SET utf8mb4 COLLATE utf8mb4_0900_ai_ci
) ENGINE=InnoDB DEFAULT CHARSET=utf8mb4 COLLATE=utf8mb4_0900_ai_ci;

--
-- Дамп даних таблиці `users`
--

INSERT INTO `users` (`id`, `name`, `email`, `password`, `isActivated`, `activationLink`, `refresh_token`) VALUES
(41, 'Олександр Попик', 'theosenigma@gmail.com', '$2b$04$YT1iJsKSSmdxMxIyEUJSqe.HFy6tey2JEyyVHxIJNGhitkGb3CE52', 1, '1c2a1e96-0187-48aa-8024-d9b960e9c988', 'eyJhbGciOiJIUzI1NiIsInR5cCI6IkpXVCJ9.eyJpZCI6NDEsIm5hbWUiOiLQntC70LXQutGB0LDQvdC00YAg0J_QvtC_0LjQuiIsImVtYWlsIjoidGhlb3NlbmlnbWFAZ21haWwuY29tIiwiaXNBY3RpdmF0ZWQiOnRydWUsImlhdCI6MTcxNzI3NzAxMSwiZXhwIjoxNzE5ODY5MDExfQ.jb1wxeMvq54_M7exiL-WcTNSd5MjBEG2z7U9FxVfaho');

-- --------------------------------------------------------

--
-- Структура таблиці `video_camera_prices`
--

CREATE TABLE `video_camera_prices` (
  `id` int NOT NULL,
  `name` varchar(200) CHARACTER SET utf8mb4 COLLATE utf8mb4_0900_ai_ci NOT NULL,
  `price` decimal(10,2) NOT NULL,
  `type` varchar(150) NOT NULL
) ENGINE=InnoDB DEFAULT CHARSET=utf8mb4 COLLATE=utf8mb4_0900_ai_ci;

--
-- Дамп даних таблиці `video_camera_prices`
--

INSERT INTO `video_camera_prices` (`id`, `name`, `price`, `type`) VALUES
(1, 'GoPro HERO 11 Black', '22999.00', 'Модель'),
(2, 'GoPro HERO 10 Black', '21999.00', 'Модель'),
(3, 'AirOn ProCam X Black', '6299.00', 'Модель'),
(4, 'GoPro HERO 9 Black', '17999.00', 'Модель'),
(5, 'GoPro HERO 11 Black Creator Edition', '33999.00', 'Модель'),
(6, 'DJI Action 2 Power Combo', '10499.00', 'Модель'),
(7, 'GoPro HERO11 Black Mini', '18999.00', 'Модель'),
(8, 'Insta360 GO2 White', '10999.00', 'Модель'),
(9, 'AKASO Brave 7 4K', '8099.00', 'Модель'),
(10, 'GoPro MAX', '22999.00', 'Модель'),
(11, 'DJI Osmo Action 3 Adventure Combo', '25349.00', 'Модель'),
(12, 'DJI Osmo Action 3 Standard Combo', '18187.00', 'Модель'),
(13, 'AIRON ProCam X', '6999.00', 'Модель'),
(14, 'Garmin VIRB Ultra 30 Black-Red', '17057.00', 'Модель'),
(15, '4K Flash Panasonic HC-VXF1EE-K', '55999.00', 'Модель'),
(16, 'Водонепроникний чохол', '3500.00', 'Захист'),
(17, 'Переносна сумка', '1400.00', 'Аксесуар'),
(18, 'Додаткові кріплення, ремінці і т.д', '1200.00', 'Аксесуар');

--
-- Індекси збережених таблиць
--

--
-- Індекси таблиці `bids`
--
ALTER TABLE `bids`
  ADD PRIMARY KEY (`id`),
  ADD KEY `fk_bids_goods` (`id_goods`);

--
-- Індекси таблиці `contracts`
--
ALTER TABLE `contracts`
  ADD PRIMARY KEY (`id`),
  ADD KEY `fk_contract_borrower` (`id_borrower`) USING BTREE,
  ADD KEY `fk_contract_subject` (`id_subject`) USING BTREE;

--
-- Індекси таблиці `contracts_info_borrower`
--
ALTER TABLE `contracts_info_borrower`
  ADD PRIMARY KEY (`id`);

--
-- Індекси таблиці `contracts_info_subject`
--
ALTER TABLE `contracts_info_subject`
  ADD PRIMARY KEY (`id`);

--
-- Індекси таблиці `goods_for_sale`
--
ALTER TABLE `goods_for_sale`
  ADD PRIMARY KEY (`id`);

--
-- Індекси таблиці `laptop_prices`
--
ALTER TABLE `laptop_prices`
  ADD PRIMARY KEY (`id`);

--
-- Індекси таблиці `leaf`
--
ALTER TABLE `leaf`
  ADD PRIMARY KEY (`id`);

--
-- Індекси таблиці `loan_repayments`
--
ALTER TABLE `loan_repayments`
  ADD PRIMARY KEY (`id`),
  ADD KEY `fk_repayments_borrower` (`borrower_id`) USING BTREE,
  ADD KEY `fk_repayments_subject` (`subject_id`);

--
-- Індекси таблиці `metal_prices`
--
ALTER TABLE `metal_prices`
  ADD PRIMARY KEY (`id`);

--
-- Індекси таблиці `monitor_prices`
--
ALTER TABLE `monitor_prices`
  ADD PRIMARY KEY (`id`);

--
-- Індекси таблиці `phone_prices`
--
ALTER TABLE `phone_prices`
  ADD PRIMARY KEY (`id`);

--
-- Індекси таблиці `photo_camera_prices`
--
ALTER TABLE `photo_camera_prices`
  ADD PRIMARY KEY (`id`);

--
-- Індекси таблиці `purchase_orders`
--
ALTER TABLE `purchase_orders`
  ADD PRIMARY KEY (`id`);

--
-- Індекси таблиці `requests_for_evaluation`
--
ALTER TABLE `requests_for_evaluation`
  ADD PRIMARY KEY (`id`);

--
-- Індекси таблиці `state`
--
ALTER TABLE `state`
  ADD PRIMARY KEY (`id`);

--
-- Індекси таблиці `tablets_prices`
--
ALTER TABLE `tablets_prices`
  ADD PRIMARY KEY (`id`);

--
-- Індекси таблиці `tv_prices`
--
ALTER TABLE `tv_prices`
  ADD PRIMARY KEY (`id`);

--
-- Індекси таблиці `users`
--
ALTER TABLE `users`
  ADD PRIMARY KEY (`id`);

--
-- Індекси таблиці `video_camera_prices`
--
ALTER TABLE `video_camera_prices`
  ADD PRIMARY KEY (`id`);

--
-- AUTO_INCREMENT для збережених таблиць
--

--
-- AUTO_INCREMENT для таблиці `bids`
--
ALTER TABLE `bids`
  MODIFY `id` int NOT NULL AUTO_INCREMENT, AUTO_INCREMENT=83;

--
-- AUTO_INCREMENT для таблиці `goods_for_sale`
--
ALTER TABLE `goods_for_sale`
  MODIFY `id` int NOT NULL AUTO_INCREMENT, AUTO_INCREMENT=41;

--
-- AUTO_INCREMENT для таблиці `leaf`
--
ALTER TABLE `leaf`
  MODIFY `id` int NOT NULL AUTO_INCREMENT, AUTO_INCREMENT=4;

--
-- AUTO_INCREMENT для таблиці `metal_prices`
--
ALTER TABLE `metal_prices`
  MODIFY `id` int NOT NULL AUTO_INCREMENT, AUTO_INCREMENT=15;

--
-- AUTO_INCREMENT для таблиці `purchase_orders`
--
ALTER TABLE `purchase_orders`
  MODIFY `id` int NOT NULL AUTO_INCREMENT, AUTO_INCREMENT=9;

--
-- AUTO_INCREMENT для таблиці `requests_for_evaluation`
--
ALTER TABLE `requests_for_evaluation`
  MODIFY `id` int NOT NULL AUTO_INCREMENT, AUTO_INCREMENT=29;

--
-- AUTO_INCREMENT для таблиці `users`
--
ALTER TABLE `users`
  MODIFY `id` int NOT NULL AUTO_INCREMENT, AUTO_INCREMENT=42;

--
-- Обмеження зовнішнього ключа збережених таблиць
--

--
-- Обмеження зовнішнього ключа таблиці `bids`
--
ALTER TABLE `bids`
  ADD CONSTRAINT `fk_bids_goods` FOREIGN KEY (`id_goods`) REFERENCES `goods_for_sale` (`id`) ON UPDATE CASCADE;

--
-- Обмеження зовнішнього ключа таблиці `contracts`
--
ALTER TABLE `contracts`
  ADD CONSTRAINT `fk_subject` FOREIGN KEY (`id_subject`) REFERENCES `contracts_info_subject` (`id`),
  ADD CONSTRAINT `fk_user_agreements` FOREIGN KEY (`id_borrower`) REFERENCES `contracts_info_borrower` (`id`);

--
-- Обмеження зовнішнього ключа таблиці `loan_repayments`
--
ALTER TABLE `loan_repayments`
  ADD CONSTRAINT `fk_repayments_subject` FOREIGN KEY (`subject_id`) REFERENCES `contracts_info_subject` (`id`),
  ADD CONSTRAINT `fk_user` FOREIGN KEY (`borrower_id`) REFERENCES `contracts_info_borrower` (`id`);
COMMIT;

/*!40101 SET CHARACTER_SET_CLIENT=@OLD_CHARACTER_SET_CLIENT */;
/*!40101 SET CHARACTER_SET_RESULTS=@OLD_CHARACTER_SET_RESULTS */;
/*!40101 SET COLLATION_CONNECTION=@OLD_COLLATION_CONNECTION */;
